id,day,hour,minute,sensor_shutter,sensor_light,dayWeek
0,1,0,0,1,1,0
1,1,0,15,0,0
2,1,0,30,1,0,0
3,1,0,45,0,0
4,1,1,0,0,0
5,1,1,15,0,0
6,1,1,30,0,0
7,1,1,45,0,0
8,1,2,0,0,0
9,1,2,15,0,0
10,1,2,30,0,0
11,1,2,45,0,0
12,1,3,0,0,0
13,1,3,15,0,1,0
14,1,3,30,0,0
15,1,3,45,0,0
16,1,4,0,0,0
17,1,4,15,0,0
18,1,4,30,1,1,0
19,1,4,45,0,0
20,1,5,0,0,0
21,1,5,15,0,0
22,1,5,30,0,0
23,1,5,45,0,1
24,1,6,0,0,1
25,1,6,15,0,1
26,1,6,30,0,1
27,1,6,45,0,1
28,1,7,0,0,0
29,1,7,15,0,0
30,1,7,30,0,0
31,1,7,45,0,0
32,1,8,0,0,0
33,1,8,15,0,0
34,1,8,30,1,1,0
35,1,8,45,0,0
36,1,9,0,0,0
37,1,9,15,0,0
38,1,9,30,0,0
39,1,9,45,0,0
40,1,10,0,0,0
41,1,10,15,0,0
42,1,10,30,0,0
43,1,10,45,0,0
44,1,11,0,0,0
45,1,11,15,0,0
46,1,11,30,0,0
47,1,11,45,0,0
48,1,12,0,0,0
49,1,12,15,0,0
50,1,12,30,0,1,0
51,1,12,45,0,0
52,1,13,0,0,0
53,1,13,15,0,0
54,1,13,30,0,0
55,1,13,45,0,0
56,1,14,0,0,0
57,1,14,15,1,0,0
58,1,14,30,0,0
59,1,14,45,0,0
60,1,15,0,0,0
61,1,15,15,0,0
62,1,15,30,1,0
63,1,15,45,1,0
64,1,16,0,0,0
65,1,16,15,1,0
66,1,16,30,1,0
67,1,16,45,1,0
68,1,17,0,1,0
69,1,17,15,1,0
70,1,17,30,1,0
71,1,17,45,1,0
72,1,18,0,1,0
73,1,18,15,1,1,0
74,1,18,30,1,0
75,1,18,45,1,0
76,1,19,0,1,0
77,1,19,15,1,0
78,1,19,30,1,0
79,1,19,45,1,0
80,1,20,0,1,0
81,1,20,15,1,0
82,1,20,30,1,0
83,1,20,45,1,0
84,1,21,0,0,0
85,1,21,15,0,0
86,1,21,30,0,0
87,1,21,45,0,0
88,1,22,0,0,0
89,1,22,15,0,0
90,1,22,30,0,0
91,1,22,45,0,0
92,1,23,0,0,0
93,1,23,15,0,0
94,1,23,30,0,0
95,1,23,45,0,0
0,2,0,0,0,0
1,2,0,15,0,0
2,2,0,30,0,0
3,2,0,45,0,0
4,2,1,0,0,0
5,2,1,15,0,0
6,2,1,30,0,0
7,2,1,45,0,0
8,2,2,0,0,0
9,2,2,15,0,0
10,2,2,30,0,0
11,2,2,45,0,0
12,2,3,0,0,0
13,2,3,15,0,0
14,2,3,30,0,0
15,2,3,45,0,0
16,2,4,0,0,0
17,2,4,15,0,0
18,2,4,30,0,0
19,2,4,45,0,0
20,2,5,0,0,0
21,2,5,15,0,0
22,2,5,30,0,1
23,2,5,45,0,1
24,2,6,0,0,1
25,2,6,15,0,1
26,2,6,30,0,1
27,2,6,45,1,0,1
28,2,7,0,0,1
29,2,7,15,0,0
30,2,7,30,0,0
31,2,7,45,0,0
32,2,8,0,0,0
33,2,8,15,0,0
34,2,8,30,0,0
35,2,8,45,0,0
36,2,9,0,0,0,1
37,2,9,15,0,0
38,2,9,30,0,0
39,2,9,45,0,0
40,2,10,0,0,0,1
41,2,10,15,0,0
42,2,10,30,0,0
43,2,10,45,0,0
44,2,11,0,0,0
45,2,11,15,0,0
46,2,11,30,0,0
47,2,11,45,0,0
48,2,12,0,0,0
49,2,12,15,0,0
50,2,12,30,0,0
51,2,12,45,0,0
52,2,13,0,0,0
53,2,13,15,0,0
54,2,13,30,0,1,1
55,2,13,45,0,0
56,2,14,0,0,0
57,2,14,15,0,0
58,2,14,30,1,0,1
59,2,14,45,0,0
60,2,15,0,0,0
61,2,15,15,1,1,1
62,2,15,30,0,0
63,2,15,45,1,0
64,2,16,0,1,0
65,2,16,15,0,0,1
66,2,16,30,1,0
67,2,16,45,1,0
68,2,17,0,1,0
69,2,17,15,1,0
70,2,17,30,1,0
71,2,17,45,1,0
72,2,18,0,1,0
73,2,18,15,1,0
74,2,18,30,1,0
75,2,18,45,1,0
76,2,19,0,1,0
77,2,19,15,1,0
78,2,19,30,1,0
79,2,19,45,1,0
80,2,20,0,1,0
81,2,20,15,1,0
82,2,20,30,1,0
83,2,20,45,1,0
84,2,21,0,1,0
85,2,21,15,0,0
86,2,21,30,0,0
87,2,21,45,0,0
88,2,22,0,0,0
89,2,22,15,0,0
90,2,22,30,0,0
91,2,22,45,0,0
92,2,23,0,0,0
93,2,23,15,1,1,1
94,2,23,30,0,0
95,2,23,45,0,0
0,3,0,0,0,0
1,3,0,15,0,0
2,3,0,30,0,0
3,3,0,45,0,0
4,3,1,0,0,0
5,3,1,15,0,0
6,3,1,30,0,0
7,3,1,45,0,0
8,3,2,0,0,1,2
9,3,2,15,1,1,2
10,3,2,30,0,0
11,3,2,45,0,0
12,3,3,0,1,0,2
13,3,3,15,0,0
14,3,3,30,0,0
15,3,3,45,0,0
16,3,4,0,0,0
17,3,4,15,0,0
18,3,4,30,0,0
19,3,4,45,0,0
20,3,5,0,0,0
21,3,5,15,0,0
22,3,5,30,0,0
23,3,5,45,0,1
24,3,6,0,0,1
25,3,6,15,0,1
26,3,6,30,0,1
27,3,6,45,0,1
28,3,7,0,0,0
29,3,7,15,0,1
30,3,7,30,1,0,2
31,3,7,45,0,0
32,3,8,0,0,0
33,3,8,15,0,0
34,3,8,30,0,0
35,3,8,45,0,0
36,3,9,0,0,0
37,3,9,15,0,0
38,3,9,30,0,0
39,3,9,45,0,0
40,3,10,0,0,0
41,3,10,15,0,0
42,3,10,30,0,0
43,3,10,45,0,0
44,3,11,0,0,0
45,3,11,15,0,0
46,3,11,30,1,0,2
47,3,11,45,0,0
48,3,12,0,0,0
49,3,12,15,0,0
50,3,12,30,0,0
51,3,12,45,0,0
52,3,13,0,0,0
53,3,13,15,0,0
54,3,13,30,0,0
55,3,13,45,0,0
56,3,14,0,0,0
57,3,14,15,0,0
58,3,14,30,0,0
59,3,14,45,0,0
60,3,15,0,0,0
61,3,15,15,0,0
62,3,15,30,0,0
63,3,15,45,1,0
64,3,16,0,0,0
65,3,16,15,1,0
66,3,16,30,1,0
67,3,16,45,1,1,2
68,3,17,0,1,0
69,3,17,15,0,0,2
70,3,17,30,1,0
71,3,17,45,0,0,2
72,3,18,0,1,0
73,3,18,15,1,0
74,3,18,30,1,0
75,3,18,45,1,0
76,3,19,0,1,0
77,3,19,15,1,0
78,3,19,30,1,0
79,3,19,45,1,1,2
80,3,20,0,1,0
81,3,20,15,1,0
82,3,20,30,1,0,2
83,3,20,45,1,0
84,3,21,0,1,0
85,3,21,15,0,0
86,3,21,30,0,0
87,3,21,45,0,0
88,3,22,0,1,0,2
89,3,22,15,0,0
90,3,22,30,0,0
91,3,22,45,0,0
92,3,23,0,0,0
93,3,23,15,0,0
94,3,23,30,0,0
95,3,23,45,0,0
0,4,0,0,0,0
1,4,0,15,0,0
2,4,0,30,0,0
3,4,0,45,0,0
4,4,1,0,0,0
5,4,1,15,0,0
6,4,1,30,0,1,3
7,4,1,45,0,0
8,4,2,0,0,0
9,4,2,15,0,0
10,4,2,30,0,0
11,4,2,45,1,0,3
12,4,3,0,0,0
13,4,3,15,0,0
14,4,3,30,0,0
15,4,3,45,0,0
16,4,4,0,0,0
17,4,4,15,1,0,3
18,4,4,30,1,0,3
19,4,4,45,0,0
20,4,5,0,0,0
21,4,5,15,0,0
22,4,5,30,0,0
23,4,5,45,0,1
24,4,6,0,1,1,3
25,4,6,15,0,1
26,4,6,30,0,1
27,4,6,45,0,1
28,4,7,0,0,0
29,4,7,15,0,0
30,4,7,30,0,0
31,4,7,45,0,0
32,4,8,0,0,0
33,4,8,15,0,0
34,4,8,30,0,0
35,4,8,45,0,0
36,4,9,0,0,0
37,4,9,15,0,0
38,4,9,30,0,0
39,4,9,45,0,0
40,4,10,0,0,0
41,4,10,15,0,0
42,4,10,30,0,0,3
43,4,10,45,0,0
44,4,11,0,1,0,3
45,4,11,15,0,0
46,4,11,30,0,0
47,4,11,45,0,0
48,4,12,0,0,0
49,4,12,15,0,0
50,4,12,30,0,0,3
51,4,12,45,0,0
52,4,13,0,0,0
53,4,13,15,0,0
54,4,13,30,0,0
55,4,13,45,0,0
56,4,14,0,0,0
57,4,14,15,1,0,3
58,4,14,30,0,0
59,4,14,45,0,0
60,4,15,0,0,0
61,4,15,15,0,1,3
62,4,15,30,0,0
63,4,15,45,0,0
64,4,16,0,1,0
65,4,16,15,1,0
66,4,16,30,1,0
67,4,16,45,1,0
68,4,17,0,1,0
69,4,17,15,1,1,3
70,4,17,30,1,0
71,4,17,45,1,0
72,4,18,0,1,0
73,4,18,15,1,0
74,4,18,30,1,0
75,4,18,45,1,0
76,4,19,0,1,0
77,4,19,15,1,0
78,4,19,30,1,0
79,4,19,45,1,0
80,4,20,0,1,0
81,4,20,15,1,0
82,4,20,30,1,0
83,4,20,45,1,0
84,4,21,0,0,0
85,4,21,15,0,0
86,4,21,30,0,0
87,4,21,45,0,0
88,4,22,0,0,0
89,4,22,15,0,0
90,4,22,30,0,0
91,4,22,45,1,0,3
92,4,23,0,1,0,3
93,4,23,15,0,0
94,4,23,30,0,0
95,4,23,45,0,0
0,5,0,0,0,0
1,5,0,15,0,0
2,5,0,30,0,0
3,5,0,45,0,0
4,5,1,0,0,0
5,5,1,15,0,0
6,5,1,30,0,0
7,5,1,45,0,0
8,5,2,0,0,0
9,5,2,15,0,0
10,5,2,30,0,0
11,5,2,45,0,0
12,5,3,0,0,0
13,5,3,15,0,0
14,5,3,30,0,0
15,5,3,45,0,0
16,5,4,0,0,0
17,5,4,15,0,0
18,5,4,30,0,0
19,5,4,45,0,0
20,5,5,0,0,0
21,5,5,15,0,0
22,5,5,30,0,1
23,5,5,45,0,1
24,5,6,0,0,1
25,5,6,15,0,1
26,5,6,30,0,1
27,5,6,45,0,1
28,5,7,0,0,1,4
29,5,7,15,0,0
30,5,7,30,0,1,4
31,5,7,45,1,1,4
32,5,8,0,0,0
33,5,8,15,0,0
34,5,8,30,0,0
35,5,8,45,0,0
36,5,9,0,0,0
37,5,9,15,0,0
38,5,9,30,0,0
39,5,9,45,0,0
40,5,10,0,0,0
41,5,10,15,1,0,4
42,5,10,30,0,0
43,5,10,45,0,0
44,5,11,0,0,0
45,5,11,15,1,1,4
46,5,11,30,0,0
47,5,11,45,0,0
48,5,12,0,0,0
49,5,12,15,0,0
50,5,12,30,0,0
51,5,12,45,0,0
52,5,13,0,0,0
53,5,13,15,0,0
54,5,13,30,0,0
55,5,13,45,0,0
56,5,14,0,0,0
57,5,14,15,0,0
58,5,14,30,0,1,4
59,5,14,45,0,0
60,5,15,0,0,0
61,5,15,15,0,0
62,5,15,30,0,0
63,5,15,45,0,0
64,5,16,0,1,0
65,5,16,15,1,0
66,5,16,30,1,0
67,5,16,45,1,0
68,5,17,0,1,0
69,5,17,15,0,0,4
70,5,17,30,1,0
71,5,17,45,1,0
72,5,18,0,1,0
73,5,18,15,1,0
74,5,18,30,1,0
75,5,18,45,1,0
76,5,19,0,1,0
77,5,19,15,1,0
78,5,19,30,1,0
79,5,19,45,1,0
80,5,20,0,1,0
81,5,20,15,1,0
82,5,20,30,1,0
83,5,20,45,1,0
84,5,21,0,1,0
85,5,21,15,0,0
86,5,21,30,0,0
87,5,21,45,0,0
88,5,22,0,0,0
89,5,22,15,0,0
90,5,22,30,0,0
91,5,22,45,0,0
92,5,23,0,0,0
93,5,23,15,0,0
94,5,23,30,0,0
95,5,23,45,0,0
0,6,0,0,0,0
1,6,0,15,0,0
2,6,0,30,1,1,5
3,6,0,45,0,0
4,6,1,0,0,0
5,6,1,15,0,0
6,6,1,30,1,1,5
7,6,1,45,0,0
8,6,2,0,1,0,5
9,6,2,15,0,0,5
10,6,2,30,0,0
11,6,2,45,0,0
12,6,3,0,0,0
13,6,3,15,0,0
14,6,3,30,0,0
15,6,3,45,0,0
16,6,4,0,0,0
17,6,4,15,0,0
18,6,4,30,0,0
19,6,4,45,0,0
20,6,5,0,0,0
21,6,5,15,0,0
22,6,5,30,0,1
23,6,5,45,0,0
24,6,6,0,0,1
25,6,6,15,0,1
26,6,6,30,0,1
27,6,6,45,0,1
28,6,7,0,0,1
29,6,7,15,0,0
30,6,7,30,0,0
31,6,7,45,0,0
32,6,8,0,0,0
33,6,8,15,0,0
34,6,8,30,0,0
35,6,8,45,0,0,5
36,6,9,0,0,0
37,6,9,15,0,0
38,6,9,30,0,0
39,6,9,45,0,0
40,6,10,0,0,0
41,6,10,15,0,1,5
42,6,10,30,0,0
43,6,10,45,0,0
44,6,11,0,0,0
45,6,11,15,0,0
46,6,11,30,0,0
47,6,11,45,0,0
48,6,12,0,0,0
49,6,12,15,0,0
50,6,12,30,0,0
51,6,12,45,0,0
52,6,13,0,0,0
53,6,13,15,0,0
54,6,13,30,0,0
55,6,13,45,0,0
56,6,14,0,0,0
57,6,14,15,0,0
58,6,14,30,0,0
59,6,14,45,0,0
60,6,15,0,0,0
61,6,15,15,0,0
62,6,15,30,0,0
63,6,15,45,0,0
64,6,16,0,1,0
65,6,16,15,1,0
66,6,16,30,1,0
67,6,16,45,1,0
68,6,17,0,1,0
69,6,17,15,1,0
70,6,17,30,1,0
71,6,17,45,1,0
72,6,18,0,1,0
73,6,18,15,0,0,5
74,6,18,30,1,0
75,6,18,45,1,1,5
76,6,19,0,1,0
77,6,19,15,1,0
78,6,19,30,0,0,5
79,6,19,45,1,0
80,6,20,0,1,1,5
81,6,20,15,1,0
82,6,20,30,1,0
83,6,20,45,1,0
84,6,21,0,0,0
85,6,21,15,0,0
86,6,21,30,0,0
87,6,21,45,0,0
88,6,22,0,0,0
89,6,22,15,0,0
90,6,22,30,0,0
91,6,22,45,0,0
92,6,23,0,0,0
93,6,23,15,0,0
94,6,23,30,0,0
95,6,23,45,0,0
0,7,0,0,0,0
1,7,0,15,0,0
2,7,0,30,0,0
3,7,0,45,0,0
4,7,1,0,0,0
5,7,1,15,0,0
6,7,1,30,0,0
7,7,1,45,0,0
8,7,2,0,0,0
9,7,2,15,0,0
10,7,2,30,0,0
11,7,2,45,0,0
12,7,3,0,0,0
13,7,3,15,0,0
14,7,3,30,0,0
15,7,3,45,0,0
16,7,4,0,0,0
17,7,4,15,0,0
18,7,4,30,0,0
19,7,4,45,0,1,6
20,7,5,0,0,0
21,7,5,15,0,0
22,7,5,30,0,1
23,7,5,45,0,1
24,7,6,0,0,1
25,7,6,15,0,1
26,7,6,30,0,1
27,7,6,45,0,1
28,7,7,0,0,1
29,7,7,15,0,0
30,7,7,30,0,0
31,7,7,45,0,0
32,7,8,0,0,0
33,7,8,15,0,0
34,7,8,30,0,0
35,7,8,45,0,0
36,7,9,0,0,0
37,7,9,15,0,0
38,7,9,30,0,0
39,7,9,45,0,0
40,7,10,0,0,0
41,7,10,15,0,0
42,7,10,30,0,0
43,7,10,45,0,0
44,7,11,0,0,0
45,7,11,15,0,0
46,7,11,30,0,0
47,7,11,45,0,0
48,7,12,0,0,0
49,7,12,15,0,0
50,7,12,30,0,0
51,7,12,45,0,0
52,7,13,0,1,0,6
53,7,13,15,0,0
54,7,13,30,0,0
55,7,13,45,0,0
56,7,14,0,0,0
57,7,14,15,1,0,6
58,7,14,30,0,0
59,7,14,45,0,0
60,7,15,0,0,0
61,7,15,15,0,0
62,7,15,30,1,0
63,7,15,45,0,0
64,7,16,0,1,1,6
65,7,16,15,1,0
66,7,16,30,1,0
67,7,16,45,1,0
68,7,17,0,1,0
69,7,17,15,1,0
70,7,17,30,1,0
71,7,17,45,1,0
72,7,18,0,1,0
73,7,18,15,1,0
74,7,18,30,1,0
75,7,18,45,1,0
76,7,19,0,1,0
77,7,19,15,1,0
78,7,19,30,1,0
79,7,19,45,1,0
80,7,20,0,1,0
81,7,20,15,1,0
82,7,20,30,1,0
83,7,20,45,0,0
84,7,21,0,1,0
85,7,21,15,0,0
86,7,21,30,0,0
87,7,21,45,0,0
88,7,22,0,0,0
89,7,22,15,0,0
90,7,22,30,0,0
91,7,22,45,0,0
92,7,23,0,0,0
93,7,23,15,0,0
94,7,23,30,0,0
95,7,23,45,0,0
0,8,0,0,0,0
1,8,0,15,0,0
2,8,0,30,0,0
3,8,0,45,0,0
4,8,1,0,0,0
5,8,1,15,0,0
6,8,1,30,0,0
7,8,1,45,0,0
8,8,2,0,0,0
9,8,2,15,0,0
10,8,2,30,0,0
11,8,2,45,1,0,0
12,8,3,0,0,0
13,8,3,15,0,0
14,8,3,30,0,0
15,8,3,45,0,0,0
16,8,4,0,0,0
17,8,4,15,0,0
18,8,4,30,0,0
19,8,4,45,1,1,0
20,8,5,0,0,0
21,8,5,15,0,0
22,8,5,30,0,0,0
23,8,5,45,0,1
24,8,6,0,0,1
25,8,6,15,0,1
26,8,6,30,0,1
27,8,6,45,0,1
28,8,7,0,0,0,0
29,8,7,15,0,0
30,8,7,30,0,0
31,8,7,45,0,0
32,8,8,0,0,0
33,8,8,15,0,0
34,8,8,30,0,0
35,8,8,45,0,0
36,8,9,0,0,0
37,8,9,15,0,0
38,8,9,30,0,0
39,8,9,45,0,0
40,8,10,0,0,0
41,8,10,15,0,0
42,8,10,30,0,0
43,8,10,45,0,0
44,8,11,0,0,0
45,8,11,15,0,0
46,8,11,30,1,1,0
47,8,11,45,0,0
48,8,12,0,0,0
49,8,12,15,0,0
50,8,12,30,0,0
51,8,12,45,0,0
52,8,13,0,0,1,0
53,8,13,15,0,0
54,8,13,30,0,0
55,8,13,45,0,0
56,8,14,0,0,1,0
57,8,14,15,0,0
58,8,14,30,0,0
59,8,14,45,0,0
60,8,15,0,0,0
61,8,15,15,0,0
62,8,15,30,1,0
63,8,15,45,0,0
64,8,16,0,1,0
65,8,16,15,1,0
66,8,16,30,1,1,0
67,8,16,45,1,0
68,8,17,0,1,0
69,8,17,15,1,0
70,8,17,30,1,0
71,8,17,45,1,0
72,8,18,0,1,0
73,8,18,15,1,0
74,8,18,30,1,0
75,8,18,45,1,0
76,8,19,0,1,0
77,8,19,15,1,0
78,8,19,30,1,0
79,8,19,45,1,0
80,8,20,0,1,0
81,8,20,15,1,0
82,8,20,30,1,0
83,8,20,45,1,0
84,8,21,0,0,0
85,8,21,15,0,0
86,8,21,30,0,0
87,8,21,45,0,0
88,8,22,0,0,0
89,8,22,15,0,0
90,8,22,30,0,0
91,8,22,45,0,0
92,8,23,0,1,1,0
93,8,23,15,0,0
94,8,23,30,0,0
95,8,23,45,0,0
0,9,0,0,0,0
1,9,0,15,0,0
2,9,0,30,0,0
3,9,0,45,0,0
4,9,1,0,0,0
5,9,1,15,0,0
6,9,1,30,0,0
7,9,1,45,0,0
8,9,2,0,0,0
9,9,2,15,0,0
10,9,2,30,0,0
11,9,2,45,0,0
12,9,3,0,0,0
13,9,3,15,0,0
14,9,3,30,0,0
15,9,3,45,1,0,1
16,9,4,0,0,0
17,9,4,15,0,0
18,9,4,30,0,0
19,9,4,45,0,0
20,9,5,0,0,0
21,9,5,15,0,0
22,9,5,30,0,0
23,9,5,45,0,0
24,9,6,0,0,1
25,9,6,15,0,1
26,9,6,30,0,1
27,9,6,45,0,1
28,9,7,0,0,1
29,9,7,15,0,0
30,9,7,30,0,0
31,9,7,45,0,0
32,9,8,0,0,0
33,9,8,15,0,0
34,9,8,30,0,0
35,9,8,45,0,0
36,9,9,0,0,0
37,9,9,15,0,0
38,9,9,30,0,0
39,9,9,45,0,1,1
40,9,10,0,0,0
41,9,10,15,0,0
42,9,10,30,0,0
43,9,10,45,0,0
44,9,11,0,0,0
45,9,11,15,0,0
46,9,11,30,0,0
47,9,11,45,0,0
48,9,12,0,0,0
49,9,12,15,0,0
50,9,12,30,0,0
51,9,12,45,0,0
52,9,13,0,0,0
53,9,13,15,1,1,1
54,9,13,30,0,0
55,9,13,45,0,0
56,9,14,0,0,0
57,9,14,15,0,0
58,9,14,30,0,0
59,9,14,45,0,0
60,9,15,0,0,0
61,9,15,15,1,0,1
62,9,15,30,0,0
63,9,15,45,0,0
64,9,16,0,1,0
65,9,16,15,0,1,1
66,9,16,30,1,0
67,9,16,45,1,0
68,9,17,0,1,0
69,9,17,15,1,0
70,9,17,30,0,0,1
71,9,17,45,1,0
72,9,18,0,1,0
73,9,18,15,1,0
74,9,18,30,1,0
75,9,18,45,1,0
76,9,19,0,1,0,1
77,9,19,15,0,1,1
78,9,19,30,1,0
79,9,19,45,1,0
80,9,20,0,1,1,1
81,9,20,15,1,0
82,9,20,30,1,0
83,9,20,45,1,0
84,9,21,0,1,0
85,9,21,15,1,0,1
86,9,21,30,0,0
87,9,21,45,1,1,1
88,9,22,0,0,0
89,9,22,15,0,0
90,9,22,30,0,0
91,9,22,45,0,0
92,9,23,0,0,0
93,9,23,15,0,0
94,9,23,30,0,0
95,9,23,45,0,0
0,10,0,0,0,0
1,10,0,15,0,0
2,10,0,30,0,0
3,10,0,45,0,0
4,10,1,0,0,0
5,10,1,15,0,0
6,10,1,30,0,0
7,10,1,45,0,0
8,10,2,0,0,0
9,10,2,15,0,0
10,10,2,30,0,0
11,10,2,45,0,0
12,10,3,0,0,0
13,10,3,15,1,1,2
14,10,3,30,1,1,2
15,10,3,45,0,0
16,10,4,0,0,0
17,10,4,15,0,0
18,10,4,30,0,0
19,10,4,45,0,0
20,10,5,0,0,0
21,10,5,15,0,0
22,10,5,30,0,0
23,10,5,45,0,1
24,10,6,0,0,1
25,10,6,15,0,1
26,10,6,30,0,1
27,10,6,45,0,0
28,10,7,0,0,1
29,10,7,15,0,0
30,10,7,30,0,0
31,10,7,45,0,0
32,10,8,0,0,0
33,10,8,15,0,0
34,10,8,30,0,0
35,10,8,45,0,0
36,10,9,0,0,0
37,10,9,15,0,0
38,10,9,30,0,0
39,10,9,45,0,0
40,10,10,0,0,0
41,10,10,15,0,0
42,10,10,30,0,0
43,10,10,45,0,0
44,10,11,0,0,0
45,10,11,15,0,0
46,10,11,30,0,0
47,10,11,45,0,0,2
48,10,12,0,0,0
49,10,12,15,0,0
50,10,12,30,0,0
51,10,12,45,0,0
52,10,13,0,0,0
53,10,13,15,0,0
54,10,13,30,0,0
55,10,13,45,0,0
56,10,14,0,0,0
57,10,14,15,0,0
58,10,14,30,0,0
59,10,14,45,0,0
60,10,15,0,0,0
61,10,15,15,0,0
62,10,15,30,0,0
63,10,15,45,0,0
64,10,16,0,1,0
65,10,16,15,0,0
66,10,16,30,1,0
67,10,16,45,0,0,2
68,10,17,0,1,0
69,10,17,15,1,0
70,10,17,30,1,0
71,10,17,45,1,0
72,10,18,0,1,0
73,10,18,15,1,0
74,10,18,30,1,0
75,10,18,45,1,1,2
76,10,19,0,1,0
77,10,19,15,1,0
78,10,19,30,1,0
79,10,19,45,1,0
80,10,20,0,1,0
81,10,20,15,1,0
82,10,20,30,1,0
83,10,20,45,1,0
84,10,21,0,0,0
85,10,21,15,1,1,2
86,10,21,30,0,1,2
87,10,21,45,0,0
88,10,22,0,0,0
89,10,22,15,1,1,2
90,10,22,30,0,0
91,10,22,45,0,0
92,10,23,0,0,0
93,10,23,15,0,0
94,10,23,30,0,0
95,10,23,45,0,0,2
0,11,0,0,0,0
1,11,0,15,0,0
2,11,0,30,0,0
3,11,0,45,0,0
4,11,1,0,0,0
5,11,1,15,0,0
6,11,1,30,0,0
7,11,1,45,0,0
8,11,2,0,0,0
9,11,2,15,0,0
10,11,2,30,0,0
11,11,2,45,0,0
12,11,3,0,0,0
13,11,3,15,0,0
14,11,3,30,0,0
15,11,3,45,0,0
16,11,4,0,0,0
17,11,4,15,0,0
18,11,4,30,0,1,3
19,11,4,45,0,0
20,11,5,0,0,0
21,11,5,15,1,1,3
22,11,5,30,0,0
23,11,5,45,0,1
24,11,6,0,0,0
25,11,6,15,0,1
26,11,6,30,1,1,3
27,11,6,45,0,1
28,11,7,0,1,0,3
29,11,7,15,0,0
30,11,7,30,1,1,3
31,11,7,45,0,0
32,11,8,0,0,0
33,11,8,15,0,0
34,11,8,30,0,0
35,11,8,45,0,0
36,11,9,0,0,0
37,11,9,15,0,0
38,11,9,30,0,0
39,11,9,45,0,0
40,11,10,0,0,0
41,11,10,15,0,0
42,11,10,30,1,0,3
43,11,10,45,0,0
44,11,11,0,0,0
45,11,11,15,1,0,3
46,11,11,30,0,0
47,11,11,45,0,0
48,11,12,0,0,0
49,11,12,15,0,0
50,11,12,30,0,0
51,11,12,45,0,0
52,11,13,0,0,0
53,11,13,15,0,0
54,11,13,30,0,0
55,11,13,45,0,0
56,11,14,0,0,0
57,11,14,15,0,0
58,11,14,30,0,0
59,11,14,45,0,0
60,11,15,0,0,0
61,11,15,15,0,0
62,11,15,30,1,0
63,11,15,45,0,1,3
64,11,16,0,0,0,3
65,11,16,15,1,0
66,11,16,30,1,0
67,11,16,45,1,0
68,11,17,0,1,0
69,11,17,15,1,0
70,11,17,30,1,0
71,11,17,45,1,0
72,11,18,0,1,0
73,11,18,15,1,0
74,11,18,30,1,0
75,11,18,45,1,0
76,11,19,0,1,0
77,11,19,15,1,0
78,11,19,30,1,0
79,11,19,45,1,0
80,11,20,0,1,0
81,11,20,15,1,0
82,11,20,30,1,0
83,11,20,45,1,0,3
84,11,21,0,1,0
85,11,21,15,1,0
86,11,21,30,0,0
87,11,21,45,0,0
88,11,22,0,0,0
89,11,22,15,0,0
90,11,22,30,0,0
91,11,22,45,0,0
92,11,23,0,0,0
93,11,23,15,0,0
94,11,23,30,0,0
95,11,23,45,0,0
0,12,0,0,0,0
1,12,0,15,0,0
2,12,0,30,0,0
3,12,0,45,0,0
4,12,1,0,0,0
5,12,1,15,0,0
6,12,1,30,0,0
7,12,1,45,1,0,4
8,12,2,0,0,0
9,12,2,15,0,1,4
10,12,2,30,0,0
11,12,2,45,0,0
12,12,3,0,0,0
13,12,3,15,0,0
14,12,3,30,0,0
15,12,3,45,0,0
16,12,4,0,0,1,4
17,12,4,15,0,0
18,12,4,30,0,0
19,12,4,45,0,0
20,12,5,0,0,0
21,12,5,15,0,0
22,12,5,30,0,0
23,12,5,45,0,0
24,12,6,0,0,1
25,12,6,15,0,1
26,12,6,30,0,1
27,12,6,45,0,1
28,12,7,0,0,0
29,12,7,15,0,0
30,12,7,30,0,0
31,12,7,45,0,0
32,12,8,0,0,0
33,12,8,15,0,0
34,12,8,30,0,0
35,12,8,45,0,0
36,12,9,0,0,0
37,12,9,15,0,0
38,12,9,30,0,0
39,12,9,45,0,0
40,12,10,0,0,0
41,12,10,15,0,0
42,12,10,30,0,0
43,12,10,45,0,0
44,12,11,0,0,0
45,12,11,15,0,0
46,12,11,30,0,0
47,12,11,45,0,0
48,12,12,0,0,0
49,12,12,15,0,0
50,12,12,30,0,0
51,12,12,45,0,0
52,12,13,0,0,0
53,12,13,15,0,0
54,12,13,30,0,0
55,12,13,45,0,0
56,12,14,0,0,0
57,12,14,15,0,0
58,12,14,30,0,0
59,12,14,45,0,0
60,12,15,0,0,0
61,12,15,15,0,0
62,12,15,30,0,0
63,12,15,45,1,0
64,12,16,0,1,0
65,12,16,15,1,0
66,12,16,30,1,0
67,12,16,45,1,0
68,12,17,0,1,0
69,12,17,15,1,0
70,12,17,30,0,0,4
71,12,17,45,1,0
72,12,18,0,1,0
73,12,18,15,1,0
74,12,18,30,1,0
75,12,18,45,1,0
76,12,19,0,1,0
77,12,19,15,1,0
78,12,19,30,1,0
79,12,19,45,1,0
80,12,20,0,1,0
81,12,20,15,1,0
82,12,20,30,1,1,4
83,12,20,45,1,0
84,12,21,0,1,0
85,12,21,15,0,0
86,12,21,30,0,0
87,12,21,45,0,0
88,12,22,0,0,0
89,12,22,15,0,0
90,12,22,30,0,0
91,12,22,45,0,0
92,12,23,0,0,0
93,12,23,15,0,0
94,12,23,30,0,1,4
95,12,23,45,1,1,4
0,13,0,0,0,0
1,13,0,15,0,0
2,13,0,30,0,0
3,13,0,45,0,0
4,13,1,0,0,0
5,13,1,15,0,0
6,13,1,30,0,0
7,13,1,45,0,0
8,13,2,0,0,0
9,13,2,15,0,0
10,13,2,30,0,0
11,13,2,45,0,0
12,13,3,0,0,0
13,13,3,15,0,0
14,13,3,30,0,0,5
15,13,3,45,0,0
16,13,4,0,0,0
17,13,4,15,1,1,5
18,13,4,30,0,0
19,13,4,45,0,0
20,13,5,0,0,0
21,13,5,15,0,1
22,13,5,30,1,0,5
23,13,5,45,1,1,5
24,13,6,0,1,0,5
25,13,6,15,0,1
26,13,6,30,0,0
27,13,6,45,0,0
28,13,7,0,0,1
29,13,7,15,0,0
30,13,7,30,0,0
31,13,7,45,0,0
32,13,8,0,1,1,5
33,13,8,15,0,0
34,13,8,30,0,0
35,13,8,45,0,0
36,13,9,0,1,0,5
37,13,9,15,0,0
38,13,9,30,0,0
39,13,9,45,0,0
40,13,10,0,0,0
41,13,10,15,0,0
42,13,10,30,0,0
43,13,10,45,0,0
44,13,11,0,0,0
45,13,11,15,0,0
46,13,11,30,0,0
47,13,11,45,0,0
48,13,12,0,0,0
49,13,12,15,0,0
50,13,12,30,0,0
51,13,12,45,0,0
52,13,13,0,0,0
53,13,13,15,0,0
54,13,13,30,1,1,5
55,13,13,45,0,0
56,13,14,0,0,0
57,13,14,15,0,0
58,13,14,30,0,0
59,13,14,45,0,0
60,13,15,0,0,0,5
61,13,15,15,0,0
62,13,15,30,0,0
63,13,15,45,1,0
64,13,16,0,1,1,5
65,13,16,15,1,0,5
66,13,16,30,1,0
67,13,16,45,0,1,5
68,13,17,0,1,0
69,13,17,15,1,0
70,13,17,30,1,0
71,13,17,45,1,0,5
72,13,18,0,1,0
73,13,18,15,1,0
74,13,18,30,1,0
75,13,18,45,0,0,5
76,13,19,0,1,0
77,13,19,15,1,1,5
78,13,19,30,1,0
79,13,19,45,1,0
80,13,20,0,1,0
81,13,20,15,1,0
82,13,20,30,1,0
83,13,20,45,1,0
84,13,21,0,1,0
85,13,21,15,0,0
86,13,21,30,0,0
87,13,21,45,0,0
88,13,22,0,0,0
89,13,22,15,0,0
90,13,22,30,0,0
91,13,22,45,0,0
92,13,23,0,0,0
93,13,23,15,0,0
94,13,23,30,0,0
95,13,23,45,0,0
0,14,0,0,0,0
1,14,0,15,0,0
2,14,0,30,0,0
3,14,0,45,0,0
4,14,1,0,0,0
5,14,1,15,0,0
6,14,1,30,0,0
7,14,1,45,0,0
8,14,2,0,0,0
9,14,2,15,0,0
10,14,2,30,0,0
11,14,2,45,0,0
12,14,3,0,0,0
13,14,3,15,0,0
14,14,3,30,0,0
15,14,3,45,0,0
16,14,4,0,0,0
17,14,4,15,0,0
18,14,4,30,0,0
19,14,4,45,0,0
20,14,5,0,0,0
21,14,5,15,0,0
22,14,5,30,0,0
23,14,5,45,0,1
24,14,6,0,0,1
25,14,6,15,0,1
26,14,6,30,0,1
27,14,6,45,0,1
28,14,7,0,0,1
29,14,7,15,0,0
30,14,7,30,0,0
31,14,7,45,0,0
32,14,8,0,0,0
33,14,8,15,0,0
34,14,8,30,0,0
35,14,8,45,0,0
36,14,9,0,0,0
37,14,9,15,0,0
38,14,9,30,1,0,6
39,14,9,45,0,0
40,14,10,0,0,0
41,14,10,15,0,0
42,14,10,30,0,0
43,14,10,45,0,0
44,14,11,0,0,0
45,14,11,15,0,0
46,14,11,30,0,0
47,14,11,45,0,0
48,14,12,0,0,0
49,14,12,15,0,0
50,14,12,30,0,0
51,14,12,45,0,0
52,14,13,0,0,0
53,14,13,15,0,0
54,14,13,30,0,0
55,14,13,45,0,0
56,14,14,0,0,0
57,14,14,15,0,0
58,14,14,30,0,0
59,14,14,45,0,0
60,14,15,0,0,0
61,14,15,15,0,0
62,14,15,30,0,0
63,14,15,45,1,0
64,14,16,0,1,0
65,14,16,15,1,0
66,14,16,30,0,1,6
67,14,16,45,1,0
68,14,17,0,1,0
69,14,17,15,1,0
70,14,17,30,1,0
71,14,17,45,1,0
72,14,18,0,1,0
73,14,18,15,1,0
74,14,18,30,1,0
75,14,18,45,1,0
76,14,19,0,0,1,6
77,14,19,15,1,0
78,14,19,30,1,0
79,14,19,45,1,0
80,14,20,0,1,0
81,14,20,15,1,0
82,14,20,30,1,1,6
83,14,20,45,1,0
84,14,21,0,1,0
85,14,21,15,0,0
86,14,21,30,0,0
87,14,21,45,0,0
88,14,22,0,0,0
89,14,22,15,0,0
90,14,22,30,0,0
91,14,22,45,0,0,6
92,14,23,0,0,0
93,14,23,15,0,0
94,14,23,30,0,0
95,14,23,45,1,1,6
0,15,0,0,0,0
1,15,0,15,0,0
2,15,0,30,0,0
3,15,0,45,0,0
4,15,1,0,0,0
5,15,1,15,0,0
6,15,1,30,0,0
7,15,1,45,0,0
8,15,2,0,0,0
9,15,2,15,0,0
10,15,2,30,0,0
11,15,2,45,0,0
12,15,3,0,0,0
13,15,3,15,0,0
14,15,3,30,0,0
15,15,3,45,0,0
16,15,4,0,0,0
17,15,4,15,0,0
18,15,4,30,0,0
19,15,4,45,0,0
20,15,5,0,0,1,0
21,15,5,15,0,0
22,15,5,30,0,0
23,15,5,45,0,1
24,15,6,0,0,1
25,15,6,15,0,1
26,15,6,30,0,0
27,15,6,45,0,1
28,15,7,0,0,0
29,15,7,15,0,0
30,15,7,30,0,1
31,15,7,45,0,0
32,15,8,0,0,0
33,15,8,15,0,0
34,15,8,30,0,0
35,15,8,45,1,1,0
36,15,9,0,1,1,0
37,15,9,15,0,0
38,15,9,30,0,0
39,15,9,45,0,0
40,15,10,0,0,0
41,15,10,15,0,0
42,15,10,30,0,0
43,15,10,45,0,0
44,15,11,0,0,0
45,15,11,15,0,0,0
46,15,11,30,0,0
47,15,11,45,0,0
48,15,12,0,0,0
49,15,12,15,1,1,0
50,15,12,30,0,0
51,15,12,45,0,0
52,15,13,0,0,0
53,15,13,15,0,0
54,15,13,30,0,0
55,15,13,45,0,0
56,15,14,0,0,1,0
57,15,14,15,0,1,0
58,15,14,30,0,0
59,15,14,45,0,0
60,15,15,0,0,0
61,15,15,15,0,0
62,15,15,30,0,0
63,15,15,45,1,0
64,15,16,0,1,0
65,15,16,15,1,0
66,15,16,30,1,0
67,15,16,45,1,0
68,15,17,0,1,0
69,15,17,15,0,0,0
70,15,17,30,1,0
71,15,17,45,1,0
72,15,18,0,1,0
73,15,18,15,1,0
74,15,18,30,1,0
75,15,18,45,0,0,0
76,15,19,0,1,0
77,15,19,15,1,0
78,15,19,30,1,0
79,15,19,45,1,0
80,15,20,0,1,0
81,15,20,15,1,0
82,15,20,30,1,0
83,15,20,45,1,0
84,15,21,0,1,0
85,15,21,15,0,0
86,15,21,30,0,0
87,15,21,45,0,0
88,15,22,0,0,0
89,15,22,15,0,0
90,15,22,30,0,0
91,15,22,45,1,1,0
92,15,23,0,0,0
93,15,23,15,0,0
94,15,23,30,0,0
95,15,23,45,0,0
0,16,0,0,0,0
1,16,0,15,0,0
2,16,0,30,0,0
3,16,0,45,0,0
4,16,1,0,0,0
5,16,1,15,0,0
6,16,1,30,0,0
7,16,1,45,1,0,1
8,16,2,0,1,0,1
9,16,2,15,0,0
10,16,2,30,0,0
11,16,2,45,0,0
12,16,3,0,0,0
13,16,3,15,0,0
14,16,3,30,0,0
15,16,3,45,0,0
16,16,4,0,0,0
17,16,4,15,0,0,1
18,16,4,30,0,0
19,16,4,45,0,0
20,16,5,0,0,0
21,16,5,15,0,0
22,16,5,30,0,0
23,16,5,45,0,1
24,16,6,0,0,1
25,16,6,15,1,0,1
26,16,6,30,0,1
27,16,6,45,0,1
28,16,7,0,0,1
29,16,7,15,0,0
30,16,7,30,0,0
31,16,7,45,0,0
32,16,8,0,0,0
33,16,8,15,0,0
34,16,8,30,0,0,1
35,16,8,45,0,0
36,16,9,0,0,0
37,16,9,15,0,0
38,16,9,30,0,0
39,16,9,45,0,0
40,16,10,0,0,0
41,16,10,15,1,1,1
42,16,10,30,0,0
43,16,10,45,0,0
44,16,11,0,0,0
45,16,11,15,0,0
46,16,11,30,0,0
47,16,11,45,0,0,1
48,16,12,0,0,0
49,16,12,15,0,0
50,16,12,30,1,0,1
51,16,12,45,0,0
52,16,13,0,0,0
53,16,13,15,0,0
54,16,13,30,0,0
55,16,13,45,0,0
56,16,14,0,1,0,1
57,16,14,15,0,0
58,16,14,30,0,0
59,16,14,45,0,0
60,16,15,0,0,0
61,16,15,15,0,0
62,16,15,30,0,0
63,16,15,45,0,0
64,16,16,0,1,0
65,16,16,15,1,0
66,16,16,30,1,1,1
67,16,16,45,1,0
68,16,17,0,1,0
69,16,17,15,1,0
70,16,17,30,1,0
71,16,17,45,1,0
72,16,18,0,1,0
73,16,18,15,1,0
74,16,18,30,1,0
75,16,18,45,1,0
76,16,19,0,1,0
77,16,19,15,1,0
78,16,19,30,1,0
79,16,19,45,1,0
80,16,20,0,1,0
81,16,20,15,1,0
82,16,20,30,1,0
83,16,20,45,1,0
84,16,21,0,1,0
85,16,21,15,0,0
86,16,21,30,0,0
87,16,21,45,0,0
88,16,22,0,0,0
89,16,22,15,0,0
90,16,22,30,0,0
91,16,22,45,0,0
92,16,23,0,0,0
93,16,23,15,0,0
94,16,23,30,1,0,1
95,16,23,45,0,0
0,17,0,0,0,0
1,17,0,15,0,0
2,17,0,30,0,0
3,17,0,45,0,0
4,17,1,0,0,0,2
5,17,1,15,0,0
6,17,1,30,0,0
7,17,1,45,0,0
8,17,2,0,0,0
9,17,2,15,0,0
10,17,2,30,0,0
11,17,2,45,0,0
12,17,3,0,0,0
13,17,3,15,0,0
14,17,3,30,0,0,2
15,17,3,45,0,0
16,17,4,0,0,0
17,17,4,15,0,0
18,17,4,30,0,0
19,17,4,45,0,0
20,17,5,0,0,0
21,17,5,15,0,0
22,17,5,30,0,1
23,17,5,45,0,1
24,17,6,0,0,1
25,17,6,15,1,0,2
26,17,6,30,0,1
27,17,6,45,0,1
28,17,7,0,0,0
29,17,7,15,0,0
30,17,7,30,0,0
31,17,7,45,0,0
32,17,8,0,0,0,2
33,17,8,15,0,0
34,17,8,30,0,0
35,17,8,45,1,0,2
36,17,9,0,0,0
37,17,9,15,1,1,2
38,17,9,30,0,0
39,17,9,45,0,0
40,17,10,0,0,0
41,17,10,15,0,0
42,17,10,30,0,0
43,17,10,45,0,0
44,17,11,0,0,0
45,17,11,15,0,0
46,17,11,30,0,0
47,17,11,45,0,0
48,17,12,0,0,0
49,17,12,15,0,0
50,17,12,30,0,0
51,17,12,45,0,0
52,17,13,0,0,0
53,17,13,15,0,0
54,17,13,30,0,0
55,17,13,45,0,0
56,17,14,0,0,1,2
57,17,14,15,0,0
58,17,14,30,0,0
59,17,14,45,0,0
60,17,15,0,0,0,2
61,17,15,15,0,0
62,17,15,30,0,0
63,17,15,45,1,1,2
64,17,16,0,1,0
65,17,16,15,1,0
66,17,16,30,1,0
67,17,16,45,1,0
68,17,17,0,1,0
69,17,17,15,1,0
70,17,17,30,1,0
71,17,17,45,1,0
72,17,18,0,1,0
73,17,18,15,1,0
74,17,18,30,1,0
75,17,18,45,1,0
76,17,19,0,1,0
77,17,19,15,1,0
78,17,19,30,1,0
79,17,19,45,1,0
80,17,20,0,1,0
81,17,20,15,1,0
82,17,20,30,1,0
83,17,20,45,1,0
84,17,21,0,1,0
85,17,21,15,0,0
86,17,21,30,0,0
87,17,21,45,0,0
88,17,22,0,0,0
89,17,22,15,0,0
90,17,22,30,0,0
91,17,22,45,0,0
92,17,23,0,0,0
93,17,23,15,0,0
94,17,23,30,0,0
95,17,23,45,0,0
0,18,0,0,0,0
1,18,0,15,0,0
2,18,0,30,0,0
3,18,0,45,0,0
4,18,1,0,0,0
5,18,1,15,0,0
6,18,1,30,0,0,3
7,18,1,45,0,0
8,18,2,0,0,0
9,18,2,15,0,0
10,18,2,30,0,0,3
11,18,2,45,0,0
12,18,3,0,0,0
13,18,3,15,0,0
14,18,3,30,0,0
15,18,3,45,0,0
16,18,4,0,0,0,3
17,18,4,15,0,0
18,18,4,30,0,0
19,18,4,45,0,0
20,18,5,0,0,0
21,18,5,15,0,0
22,18,5,30,0,0
23,18,5,45,0,1
24,18,6,0,0,1
25,18,6,15,0,1
26,18,6,30,0,1
27,18,6,45,0,1
28,18,7,0,0,1,3
29,18,7,15,0,0
30,18,7,30,0,0
31,18,7,45,0,0
32,18,8,0,0,0
33,18,8,15,0,0
34,18,8,30,1,1,3
35,18,8,45,0,1,3
36,18,9,0,0,0
37,18,9,15,0,0
38,18,9,30,0,0
39,18,9,45,0,0
40,18,10,0,0,0
41,18,10,15,0,0
42,18,10,30,0,0
43,18,10,45,0,0
44,18,11,0,0,0
45,18,11,15,0,0
46,18,11,30,0,0
47,18,11,45,0,0
48,18,12,0,0,0
49,18,12,15,0,0
50,18,12,30,0,0
51,18,12,45,0,1,3
52,18,13,0,0,0
53,18,13,15,0,0
54,18,13,30,1,1,3
55,18,13,45,0,0
56,18,14,0,0,0
57,18,14,15,0,0
58,18,14,30,0,0
59,18,14,45,0,0
60,18,15,0,0,0
61,18,15,15,0,0
62,18,15,30,0,0,3
63,18,15,45,1,0
64,18,16,0,1,0
65,18,16,15,1,0
66,18,16,30,1,0
67,18,16,45,1,0
68,18,17,0,1,0
69,18,17,15,1,0
70,18,17,30,1,0
71,18,17,45,1,0
72,18,18,0,1,0
73,18,18,15,1,0
74,18,18,30,1,0
75,18,18,45,1,0
76,18,19,0,1,0
77,18,19,15,1,0
78,18,19,30,1,0
79,18,19,45,1,0
80,18,20,0,1,0
81,18,20,15,1,0
82,18,20,30,1,0
83,18,20,45,1,0
84,18,21,0,1,0
85,18,21,15,0,0
86,18,21,30,0,0
87,18,21,45,0,0,3
88,18,22,0,0,0
89,18,22,15,0,0
90,18,22,30,0,0
91,18,22,45,0,0
92,18,23,0,0,0
93,18,23,15,1,0,3
94,18,23,30,0,0
95,18,23,45,0,0
0,19,0,0,0,0
1,19,0,15,0,0
2,19,0,30,0,0
3,19,0,45,0,0
4,19,1,0,0,0
5,19,1,15,0,0
6,19,1,30,0,0
7,19,1,45,0,0
8,19,2,0,0,0
9,19,2,15,0,0
10,19,2,30,0,0
11,19,2,45,0,0
12,19,3,0,0,0
13,19,3,15,0,0
14,19,3,30,0,0
15,19,3,45,0,0
16,19,4,0,0,0
17,19,4,15,0,0
18,19,4,30,0,0,4
19,19,4,45,1,0,4
20,19,5,0,0,0
21,19,5,15,0,1,4
22,19,5,30,0,0
23,19,5,45,0,1
24,19,6,0,0,1
25,19,6,15,0,1
26,19,6,30,0,1
27,19,6,45,0,1
28,19,7,0,0,0
29,19,7,15,0,0
30,19,7,30,0,0
31,19,7,45,0,0
32,19,8,0,0,0
33,19,8,15,0,0
34,19,8,30,0,0
35,19,8,45,1,0,4
36,19,9,0,0,0
37,19,9,15,0,0
38,19,9,30,0,0
39,19,9,45,0,0
40,19,10,0,0,0
41,19,10,15,0,0
42,19,10,30,0,0
43,19,10,45,0,0
44,19,11,0,0,0
45,19,11,15,0,0
46,19,11,30,1,1,4
47,19,11,45,0,0
48,19,12,0,0,0
49,19,12,15,0,0
50,19,12,30,0,0
51,19,12,45,1,1,4
52,19,13,0,0,0
53,19,13,15,0,0
54,19,13,30,0,0
55,19,13,45,0,0
56,19,14,0,0,0
57,19,14,15,0,0
58,19,14,30,0,0,4
59,19,14,45,0,0
60,19,15,0,0,0
61,19,15,15,0,0
62,19,15,30,0,0
63,19,15,45,0,0
64,19,16,0,0,0
65,19,16,15,1,0
66,19,16,30,1,0
67,19,16,45,1,0
68,19,17,0,1,0
69,19,17,15,1,1,4
70,19,17,30,1,0
71,19,17,45,1,0
72,19,18,0,1,0
73,19,18,15,1,0
74,19,18,30,1,0
75,19,18,45,1,0
76,19,19,0,1,0
77,19,19,15,1,0
78,19,19,30,1,0
79,19,19,45,1,0
80,19,20,0,0,0,4
81,19,20,15,1,0
82,19,20,30,1,0
83,19,20,45,1,0
84,19,21,0,0,0
85,19,21,15,0,0
86,19,21,30,0,0
87,19,21,45,0,0
88,19,22,0,0,0
89,19,22,15,0,0
90,19,22,30,0,0
91,19,22,45,0,0
92,19,23,0,0,0
93,19,23,15,0,0
94,19,23,30,0,0
95,19,23,45,1,0,4
0,20,0,0,0,0
1,20,0,15,0,0
2,20,0,30,0,0
3,20,0,45,0,0
4,20,1,0,0,0
5,20,1,15,0,0
6,20,1,30,0,0
7,20,1,45,0,0
8,20,2,0,0,0
9,20,2,15,0,0
10,20,2,30,0,0
11,20,2,45,0,0
12,20,3,0,0,0
13,20,3,15,0,0
14,20,3,30,0,0,5
15,20,3,45,0,0
16,20,4,0,0,0
17,20,4,15,0,0
18,20,4,30,0,0
19,20,4,45,0,0
20,20,5,0,0,0
21,20,5,15,0,0
22,20,5,30,0,1
23,20,5,45,0,0
24,20,6,0,0,1
25,20,6,15,0,1
26,20,6,30,0,1
27,20,6,45,0,1
28,20,7,0,0,1
29,20,7,15,0,0
30,20,7,30,1,1,5
31,20,7,45,0,0
32,20,8,0,1,1,5
33,20,8,15,0,0
34,20,8,30,0,0
35,20,8,45,0,0
36,20,9,0,0,0
37,20,9,15,0,0
38,20,9,30,0,0
39,20,9,45,1,0,5
40,20,10,0,0,0
41,20,10,15,0,0
42,20,10,30,0,0
43,20,10,45,0,0
44,20,11,0,0,0
45,20,11,15,0,0
46,20,11,30,0,0
47,20,11,45,0,0
48,20,12,0,0,0
49,20,12,15,0,0
50,20,12,30,0,0
51,20,12,45,0,0
52,20,13,0,0,0
53,20,13,15,0,0
54,20,13,30,0,0
55,20,13,45,0,0
56,20,14,0,0,0
57,20,14,15,0,0
58,20,14,30,0,0
59,20,14,45,0,0
60,20,15,0,0,0
61,20,15,15,0,0
62,20,15,30,0,0
63,20,15,45,1,0
64,20,16,0,1,0
65,20,16,15,0,1,5
66,20,16,30,1,0
67,20,16,45,1,0
68,20,17,0,1,0
69,20,17,15,1,0
70,20,17,30,1,0
71,20,17,45,1,0
72,20,18,0,1,0
73,20,18,15,1,0
74,20,18,30,0,0,5
75,20,18,45,1,0
76,20,19,0,1,1,5
77,20,19,15,1,0
78,20,19,30,1,0
79,20,19,45,1,0
80,20,20,0,1,0
81,20,20,15,1,0
82,20,20,30,1,0
83,20,20,45,1,0
84,20,21,0,1,0
85,20,21,15,0,0
86,20,21,30,0,0
87,20,21,45,0,0
88,20,22,0,0,0
89,20,22,15,0,0
90,20,22,30,0,0
91,20,22,45,0,0
92,20,23,0,0,0
93,20,23,15,0,0
94,20,23,30,0,0
95,20,23,45,0,0
0,21,0,0,0,0
1,21,0,15,0,0
2,21,0,30,0,0
3,21,0,45,0,0
4,21,1,0,0,0
5,21,1,15,0,0
6,21,1,30,0,0
7,21,1,45,0,0
8,21,2,0,0,0
9,21,2,15,0,0
10,21,2,30,0,0
11,21,2,45,0,0
12,21,3,0,0,0
13,21,3,15,0,0
14,21,3,30,0,0
15,21,3,45,0,0
16,21,4,0,0,0
17,21,4,15,1,1,6
18,21,4,30,0,0
19,21,4,45,0,0
20,21,5,0,0,0
21,21,5,15,1,1,6
22,21,5,30,0,1
23,21,5,45,0,1
24,21,6,0,0,1
25,21,6,15,0,1
26,21,6,30,0,1
27,21,6,45,0,1
28,21,7,0,0,0
29,21,7,15,0,0
30,21,7,30,0,0
31,21,7,45,0,0
32,21,8,0,0,0
33,21,8,15,0,0
34,21,8,30,0,0
35,21,8,45,0,0
36,21,9,0,0,0
37,21,9,15,0,0
38,21,9,30,0,0
39,21,9,45,0,0
40,21,10,0,0,0
41,21,10,15,0,0
42,21,10,30,0,0
43,21,10,45,0,0
44,21,11,0,0,0
45,21,11,15,0,0
46,21,11,30,0,0
47,21,11,45,0,0
48,21,12,0,0,1,6
49,21,12,15,0,0
50,21,12,30,0,0
51,21,12,45,0,0
52,21,13,0,0,0
53,21,13,15,0,0
54,21,13,30,0,0
55,21,13,45,0,0
56,21,14,0,0,0
57,21,14,15,0,0
58,21,14,30,0,0
59,21,14,45,0,1,6
60,21,15,0,0,0
61,21,15,15,0,0
62,21,15,30,0,0
63,21,15,45,1,0
64,21,16,0,1,0
65,21,16,15,1,0
66,21,16,30,1,0
67,21,16,45,1,0
68,21,17,0,1,0
69,21,17,15,1,0
70,21,17,30,1,0
71,21,17,45,1,0
72,21,18,0,1,0
73,21,18,15,1,0
74,21,18,30,1,0
75,21,18,45,1,0
76,21,19,0,1,0
77,21,19,15,1,0
78,21,19,30,1,0,6
79,21,19,45,1,1,6
80,21,20,0,1,0
81,21,20,15,1,0
82,21,20,30,1,0
83,21,20,45,1,0
84,21,21,0,0,0
85,21,21,15,0,1,6
86,21,21,30,0,0
87,21,21,45,1,1,6
88,21,22,0,0,0
89,21,22,15,0,0
90,21,22,30,0,0
91,21,22,45,0,0
92,21,23,0,1,1,6
93,21,23,15,0,0
94,21,23,30,0,0
95,21,23,45,0,0
0,22,0,0,0,0
1,22,0,15,0,0
2,22,0,30,0,0
3,22,0,45,0,0
4,22,1,0,0,0
5,22,1,15,0,0
6,22,1,30,0,0
7,22,1,45,0,0
8,22,2,0,0,0
9,22,2,15,0,0
10,22,2,30,0,0
11,22,2,45,0,0
12,22,3,0,0,0
13,22,3,15,0,0
14,22,3,30,0,0
15,22,3,45,0,0
16,22,4,0,0,0
17,22,4,15,0,0
18,22,4,30,0,0
19,22,4,45,0,1,0
20,22,5,0,0,0
21,22,5,15,0,0
22,22,5,30,0,1
23,22,5,45,0,1
24,22,6,0,0,1
25,22,6,15,0,1
26,22,6,30,0,0,0
27,22,6,45,0,1
28,22,7,0,0,0
29,22,7,15,0,0
30,22,7,30,0,0
31,22,7,45,0,0
32,22,8,0,0,0
33,22,8,15,0,0
34,22,8,30,0,0
35,22,8,45,0,0
36,22,9,0,0,0
37,22,9,15,0,0
38,22,9,30,0,0
39,22,9,45,0,0
40,22,10,0,0,0
41,22,10,15,0,0
42,22,10,30,0,0
43,22,10,45,0,0
44,22,11,0,0,0
45,22,11,15,0,0
46,22,11,30,0,0
47,22,11,45,0,0
48,22,12,0,0,0
49,22,12,15,0,0
50,22,12,30,0,0
51,22,12,45,0,0
52,22,13,0,0,0
53,22,13,15,0,0
54,22,13,30,0,0,0
55,22,13,45,0,0
56,22,14,0,0,0
57,22,14,15,0,0
58,22,14,30,0,0
59,22,14,45,0,0
60,22,15,0,0,0
61,22,15,15,1,1,0
62,22,15,30,0,0,0
63,22,15,45,0,0
64,22,16,0,1,0
65,22,16,15,1,0
66,22,16,30,1,0
67,22,16,45,1,0
68,22,17,0,1,0
69,22,17,15,1,0
70,22,17,30,1,1,0
71,22,17,45,1,0
72,22,18,0,1,0
73,22,18,15,1,0
74,22,18,30,1,0
75,22,18,45,1,0
76,22,19,0,1,0
77,22,19,15,1,0
78,22,19,30,1,0
79,22,19,45,1,0
80,22,20,0,1,0
81,22,20,15,1,0
82,22,20,30,0,1,0
83,22,20,45,0,0,0
84,22,21,0,1,0
85,22,21,15,0,0
86,22,21,30,0,0
87,22,21,45,0,0
88,22,22,0,0,0
89,22,22,15,0,0
90,22,22,30,0,0
91,22,22,45,0,0
92,22,23,0,0,0
93,22,23,15,0,0
94,22,23,30,0,0
95,22,23,45,0,0
0,23,0,0,0,0
1,23,0,15,0,0
2,23,0,30,0,0
3,23,0,45,0,0
4,23,1,0,0,0
5,23,1,15,0,0
6,23,1,30,0,0
7,23,1,45,0,0
8,23,2,0,0,0,1
9,23,2,15,0,0
10,23,2,30,0,0
11,23,2,45,0,0
12,23,3,0,0,0
13,23,3,15,0,0
14,23,3,30,0,0
15,23,3,45,0,0
16,23,4,0,0,0
17,23,4,15,0,0
18,23,4,30,0,0
19,23,4,45,1,1,1
20,23,5,0,0,0
21,23,5,15,0,0
22,23,5,30,0,1
23,23,5,45,0,1
24,23,6,0,0,1
25,23,6,15,0,1
26,23,6,30,0,1
27,23,6,45,0,1
28,23,7,0,0,0
29,23,7,15,0,0
30,23,7,30,0,0
31,23,7,45,0,0
32,23,8,0,0,0
33,23,8,15,0,0
34,23,8,30,0,0
35,23,8,45,0,0
36,23,9,0,0,0
37,23,9,15,0,0,1
38,23,9,30,0,0
39,23,9,45,0,0
40,23,10,0,0,0
41,23,10,15,0,0
42,23,10,30,0,0
43,23,10,45,0,0
44,23,11,0,0,0
45,23,11,15,0,0
46,23,11,30,0,0
47,23,11,45,0,0
48,23,12,0,0,0
49,23,12,15,0,1,1
50,23,12,30,0,0
51,23,12,45,0,0
52,23,13,0,0,0
53,23,13,15,1,0,1
54,23,13,30,0,0
55,23,13,45,0,0
56,23,14,0,0,0
57,23,14,15,0,0,1
58,23,14,30,0,0,1
59,23,14,45,0,0,1
60,23,15,0,0,0
61,23,15,15,0,0
62,23,15,30,0,0
63,23,15,45,0,0
64,23,16,0,1,0
65,23,16,15,1,0
66,23,16,30,1,0
67,23,16,45,1,0
68,23,17,0,0,1,1
69,23,17,15,1,0
70,23,17,30,1,0
71,23,17,45,1,0
72,23,18,0,1,0
73,23,18,15,1,0
74,23,18,30,1,0
75,23,18,45,1,0
76,23,19,0,1,0
77,23,19,15,1,0
78,23,19,30,1,0
79,23,19,45,0,0,1
80,23,20,0,0,0,1
81,23,20,15,1,0
82,23,20,30,1,0
83,23,20,45,1,0
84,23,21,0,0,0
85,23,21,15,1,0,1
86,23,21,30,0,0
87,23,21,45,0,0
88,23,22,0,0,0
89,23,22,15,0,0
90,23,22,30,0,0
91,23,22,45,0,0
92,23,23,0,1,0,1
93,23,23,15,0,0
94,23,23,30,0,0
95,23,23,45,0,0
0,24,0,0,0,0
1,24,0,15,0,0
2,24,0,30,0,0
3,24,0,45,0,0
4,24,1,0,0,0
5,24,1,15,0,0
6,24,1,30,0,0
7,24,1,45,0,0
8,24,2,0,0,0
9,24,2,15,0,0
10,24,2,30,0,0
11,24,2,45,0,0
12,24,3,0,0,0
13,24,3,15,0,0
14,24,3,30,0,0,2
15,24,3,45,0,0
16,24,4,0,0,0
17,24,4,15,0,0
18,24,4,30,0,0
19,24,4,45,0,0
20,24,5,0,0,1,2
21,24,5,15,0,0
22,24,5,30,0,1
23,24,5,45,0,1
24,24,6,0,1,1,2
25,24,6,15,0,1
26,24,6,30,0,1
27,24,6,45,1,0,2
28,24,7,0,0,1
29,24,7,15,0,0
30,24,7,30,0,0
31,24,7,45,0,0
32,24,8,0,0,0
33,24,8,15,0,0
34,24,8,30,0,0
35,24,8,45,0,0
36,24,9,0,0,0
37,24,9,15,0,0
38,24,9,30,0,0
39,24,9,45,0,0
40,24,10,0,0,0
41,24,10,15,0,0
42,24,10,30,0,0
43,24,10,45,0,0
44,24,11,0,0,0
45,24,11,15,0,1,2
46,24,11,30,0,0
47,24,11,45,0,0
48,24,12,0,0,0
49,24,12,15,0,0
50,24,12,30,0,0
51,24,12,45,0,0
52,24,13,0,0,0
53,24,13,15,0,0
54,24,13,30,0,0
55,24,13,45,0,0
56,24,14,0,0,0
57,24,14,15,0,0
58,24,14,30,0,0
59,24,14,45,0,0
60,24,15,0,0,0,2
61,24,15,15,0,0,2
62,24,15,30,0,0
63,24,15,45,1,1,2
64,24,16,0,1,0
65,24,16,15,1,0
66,24,16,30,1,0
67,24,16,45,1,0
68,24,17,0,1,0
69,24,17,15,1,0
70,24,17,30,1,0
71,24,17,45,1,0
72,24,18,0,1,0
73,24,18,15,1,0
74,24,18,30,1,1,2
75,24,18,45,1,0
76,24,19,0,1,0
77,24,19,15,1,0
78,24,19,30,1,0
79,24,19,45,1,0
80,24,20,0,1,0
81,24,20,15,1,0
82,24,20,30,1,0
83,24,20,45,1,0
84,24,21,0,0,1,2
85,24,21,15,0,0
86,24,21,30,0,0
87,24,21,45,0,0
88,24,22,0,0,0
89,24,22,15,0,0
90,24,22,30,0,0
91,24,22,45,0,0
92,24,23,0,0,0
93,24,23,15,0,0
94,24,23,30,0,0
95,24,23,45,0,0
0,25,0,0,0,0
1,25,0,15,0,0
2,25,0,30,0,0
3,25,0,45,0,0
4,25,1,0,0,0
5,25,1,15,0,0
6,25,1,30,0,0
7,25,1,45,0,0
8,25,2,0,0,0
9,25,2,15,0,0
10,25,2,30,0,0
11,25,2,45,0,0
12,25,3,0,0,0
13,25,3,15,0,0
14,25,3,30,0,0
15,25,3,45,0,0
16,25,4,0,0,0
17,25,4,15,0,0
18,25,4,30,1,0,3
19,25,4,45,0,0
20,25,5,0,0,0
21,25,5,15,0,0
22,25,5,30,0,0
23,25,5,45,0,1
24,25,6,0,0,1
25,25,6,15,0,1
26,25,6,30,0,1
27,25,6,45,0,1
28,25,7,0,1,1,3
29,25,7,15,0,0
30,25,7,30,0,0
31,25,7,45,0,0
32,25,8,0,0,0
33,25,8,15,0,0
34,25,8,30,0,0
35,25,8,45,0,1,3
36,25,9,0,0,0
37,25,9,15,0,0
38,25,9,30,0,0
39,25,9,45,0,0
40,25,10,0,0,1,3
41,25,10,15,0,0
42,25,10,30,0,0
43,25,10,45,0,0
44,25,11,0,0,0
45,25,11,15,0,0
46,25,11,30,0,0
47,25,11,45,0,0
48,25,12,0,0,0
49,25,12,15,0,0
50,25,12,30,0,0
51,25,12,45,0,0
52,25,13,0,0,0
53,25,13,15,1,0,3
54,25,13,30,0,0
55,25,13,45,0,0
56,25,14,0,0,0
57,25,14,15,0,0
58,25,14,30,0,0
59,25,14,45,0,0
60,25,15,0,0,0
61,25,15,15,0,0
62,25,15,30,0,0
63,25,15,45,1,0
64,25,16,0,0,0
65,25,16,15,1,0
66,25,16,30,0,0,3
67,25,16,45,1,0
68,25,17,0,1,0
69,25,17,15,1,0
70,25,17,30,1,0
71,25,17,45,0,1,3
72,25,18,0,1,0
73,25,18,15,0,1,3
74,25,18,30,1,0
75,25,18,45,1,0
76,25,19,0,1,0
77,25,19,15,1,0
78,25,19,30,1,0
79,25,19,45,1,0
80,25,20,0,1,0
81,25,20,15,0,1,3
82,25,20,30,1,0
83,25,20,45,1,0
84,25,21,0,0,1,3
85,25,21,15,0,0
86,25,21,30,1,0
87,25,21,45,0,0
88,25,22,0,0,0
89,25,22,15,0,0
90,25,22,30,0,0
91,25,22,45,0,0
92,25,23,0,0,0
93,25,23,15,0,0
94,25,23,30,0,0
95,25,23,45,0,0
0,26,0,0,0,0
1,26,0,15,0,0
2,26,0,30,0,0
3,26,0,45,0,0
4,26,1,0,0,0
5,26,1,15,0,0
6,26,1,30,0,0
7,26,1,45,0,0
8,26,2,0,0,0,4
9,26,2,15,0,0,4
10,26,2,30,0,0
11,26,2,45,0,0
12,26,3,0,0,0
13,26,3,15,0,0
14,26,3,30,0,0
15,26,3,45,1,0,4
16,26,4,0,0,0
17,26,4,15,0,0
18,26,4,30,0,0
19,26,4,45,0,0
20,26,5,0,1,1,4
21,26,5,15,0,0
22,26,5,30,0,0
23,26,5,45,0,1
24,26,6,0,0,1
25,26,6,15,0,1
26,26,6,30,0,1
27,26,6,45,0,1
28,26,7,0,0,0
29,26,7,15,0,1
30,26,7,30,1,1,4
31,26,7,45,0,0
32,26,8,0,0,0
33,26,8,15,0,0
34,26,8,30,0,0
35,26,8,45,0,0
36,26,9,0,0,0
37,26,9,15,0,0
38,26,9,30,0,0
39,26,9,45,0,0
40,26,10,0,0,0
41,26,10,15,0,0
42,26,10,30,0,0
43,26,10,45,0,0
44,26,11,0,0,0
45,26,11,15,0,0
46,26,11,30,0,0
47,26,11,45,0,0
48,26,12,0,0,0
49,26,12,15,1,1,4
50,26,12,30,0,1,4
51,26,12,45,0,1,4
52,26,13,0,1,1,4
53,26,13,15,1,1,4
54,26,13,30,0,0
55,26,13,45,0,0
56,26,14,0,0,0
57,26,14,15,0,0
58,26,14,30,0,0
59,26,14,45,0,0
60,26,15,0,0,0
61,26,15,15,0,0
62,26,15,30,0,0
63,26,15,45,1,0
64,26,16,0,1,0
65,26,16,15,1,0
66,26,16,30,1,1,4
67,26,16,45,1,0
68,26,17,0,1,0
69,26,17,15,1,0
70,26,17,30,1,0
71,26,17,45,1,0
72,26,18,0,1,0
73,26,18,15,1,0
74,26,18,30,1,0
75,26,18,45,1,0
76,26,19,0,1,0
77,26,19,15,1,0
78,26,19,30,1,0
79,26,19,45,1,0
80,26,20,0,1,0
81,26,20,15,1,0
82,26,20,30,1,0
83,26,20,45,1,0
84,26,21,0,0,0
85,26,21,15,0,0
86,26,21,30,1,0,4
87,26,21,45,0,0
88,26,22,0,0,0
89,26,22,15,0,0
90,26,22,30,0,0
91,26,22,45,0,0
92,26,23,0,0,0
93,26,23,15,0,0
94,26,23,30,0,0
95,26,23,45,0,0
0,27,0,0,0,0
1,27,0,15,0,0
2,27,0,30,0,0
3,27,0,45,0,0
4,27,1,0,0,0
5,27,1,15,0,0
6,27,1,30,1,1,5
7,27,1,45,0,0
8,27,2,0,0,0
9,27,2,15,0,0
10,27,2,30,0,0
11,27,2,45,0,0
12,27,3,0,0,0
13,27,3,15,0,0
14,27,3,30,0,0
15,27,3,45,0,1,5
16,27,4,0,0,0
17,27,4,15,0,0
18,27,4,30,0,0
19,27,4,45,0,0
20,27,5,0,0,0
21,27,5,15,1,0,5
22,27,5,30,0,1
23,27,5,45,0,1
24,27,6,0,0,1
25,27,6,15,0,1
26,27,6,30,0,1
27,27,6,45,0,0
28,27,7,0,0,1
29,27,7,15,0,1
30,27,7,30,0,0
31,27,7,45,0,0
32,27,8,0,0,0
33,27,8,15,0,0
34,27,8,30,0,0
35,27,8,45,0,0
36,27,9,0,0,0
37,27,9,15,0,0
38,27,9,30,0,0
39,27,9,45,0,0
40,27,10,0,0,0
41,27,10,15,0,0
42,27,10,30,0,0
43,27,10,45,0,0
44,27,11,0,0,0
45,27,11,15,0,0
46,27,11,30,0,0
47,27,11,45,0,0
48,27,12,0,0,0
49,27,12,15,0,0
50,27,12,30,0,0
51,27,12,45,0,0
52,27,13,0,0,0
53,27,13,15,0,0
54,27,13,30,0,0
55,27,13,45,0,0
56,27,14,0,0,0
57,27,14,15,0,0
58,27,14,30,0,0,5
59,27,14,45,0,0
60,27,15,0,0,0
61,27,15,15,0,0
62,27,15,30,0,0,5
63,27,15,45,1,0
64,27,16,0,1,0
65,27,16,15,1,0
66,27,16,30,1,0
67,27,16,45,1,0
68,27,17,0,1,0
69,27,17,15,1,0
70,27,17,30,1,0
71,27,17,45,0,1,5
72,27,18,0,1,0
73,27,18,15,1,1,5
74,27,18,30,1,0,5
75,27,18,45,1,0
76,27,19,0,1,0
77,27,19,15,1,0
78,27,19,30,1,0
79,27,19,45,1,0
80,27,20,0,1,1,5
81,27,20,15,1,0
82,27,20,30,1,0
83,27,20,45,0,0
84,27,21,0,1,0
85,27,21,15,0,0
86,27,21,30,0,0
87,27,21,45,1,0,5
88,27,22,0,0,0
89,27,22,15,0,0
90,27,22,30,0,0
91,27,22,45,0,0
92,27,23,0,0,0
93,27,23,15,0,0
94,27,23,30,0,0
95,27,23,45,0,0
0,28,0,0,0,0
1,28,0,15,0,0
2,28,0,30,0,0
3,28,0,45,0,0
4,28,1,0,0,0
5,28,1,15,0,0
6,28,1,30,0,0
7,28,1,45,0,0
8,28,2,0,0,0
9,28,2,15,0,0
10,28,2,30,0,0
11,28,2,45,0,0
12,28,3,0,0,0
13,28,3,15,0,0
14,28,3,30,0,0
15,28,3,45,0,0
16,28,4,0,0,0
17,28,4,15,0,0
18,28,4,30,1,0,6
19,28,4,45,0,0
20,28,5,0,0,0
21,28,5,15,0,0
22,28,5,30,0,0
23,28,5,45,0,1
24,28,6,0,0,0
25,28,6,15,0,1
26,28,6,30,0,1
27,28,6,45,0,1
28,28,7,0,0,0
29,28,7,15,0,1
30,28,7,30,0,0
31,28,7,45,0,0
32,28,8,0,0,0
33,28,8,15,0,0
34,28,8,30,1,0,6
35,28,8,45,0,0
36,28,9,0,0,0
37,28,9,15,0,0
38,28,9,30,0,0
39,28,9,45,0,0
40,28,10,0,0,0
41,28,10,15,0,0
42,28,10,30,0,0
43,28,10,45,0,0
44,28,11,0,0,0
45,28,11,15,0,1,6
46,28,11,30,0,0
47,28,11,45,0,1,6
48,28,12,0,0,0
49,28,12,15,0,0
50,28,12,30,0,0
51,28,12,45,0,0
52,28,13,0,0,0
53,28,13,15,1,1,6
54,28,13,30,0,0
55,28,13,45,0,0
56,28,14,0,0,0
57,28,14,15,0,0
58,28,14,30,0,0
59,28,14,45,0,0
60,28,15,0,0,0
61,28,15,15,0,0
62,28,15,30,0,0
63,28,15,45,1,0
64,28,16,0,1,0
65,28,16,15,1,0
66,28,16,30,1,0
67,28,16,45,1,0
68,28,17,0,1,0
69,28,17,15,1,0
70,28,17,30,1,0
71,28,17,45,1,1,6
72,28,18,0,1,0
73,28,18,15,1,0
74,28,18,30,1,0
75,28,18,45,1,0
76,28,19,0,1,0
77,28,19,15,1,0
78,28,19,30,1,0
79,28,19,45,1,0
80,28,20,0,1,0
81,28,20,15,0,0,6
82,28,20,30,0,0
83,28,20,45,1,0
84,28,21,0,1,1,6
85,28,21,15,0,0
86,28,21,30,0,0
87,28,21,45,0,0
88,28,22,0,0,0
89,28,22,15,0,0
90,28,22,30,0,0
91,28,22,45,0,0
92,28,23,0,0,0
93,28,23,15,0,0
94,28,23,30,0,0
95,28,23,45,0,0
0,29,0,0,0,0
1,29,0,15,0,0
2,29,0,30,0,0
3,29,0,45,0,0
4,29,1,0,0,0
5,29,1,15,0,0
6,29,1,30,0,0
7,29,1,45,0,0
8,29,2,0,0,0
9,29,2,15,0,0
10,29,2,30,0,0
11,29,2,45,0,0
12,29,3,0,0,0
13,29,3,15,0,0,0
14,29,3,30,0,0
15,29,3,45,0,0
16,29,4,0,0,0
17,29,4,15,0,0
18,29,4,30,1,0,0
19,29,4,45,0,0
20,29,5,0,0,0
21,29,5,15,0,0
22,29,5,30,0,0
23,29,5,45,0,1
24,29,6,0,0,1
25,29,6,15,0,1
26,29,6,30,0,1
27,29,6,45,0,1
28,29,7,0,0,0
29,29,7,15,0,0
30,29,7,30,0,0
31,29,7,45,0,0
32,29,8,0,0,0
33,29,8,15,0,0
34,29,8,30,0,0
35,29,8,45,0,0
36,29,9,0,0,0
37,29,9,15,0,0
38,29,9,30,0,0
39,29,9,45,0,0
40,29,10,0,0,0
41,29,10,15,1,0,0
42,29,10,30,0,0
43,29,10,45,0,0
44,29,11,0,0,0
45,29,11,15,0,0
46,29,11,30,0,0
47,29,11,45,0,0
48,29,12,0,0,0
49,29,12,15,0,0
50,29,12,30,0,0
51,29,12,45,0,0
52,29,13,0,0,0
53,29,13,15,0,0
54,29,13,30,0,0
55,29,13,45,0,0
56,29,14,0,0,0
57,29,14,15,0,0
58,29,14,30,0,0
59,29,14,45,0,0
60,29,15,0,0,0
61,29,15,15,0,0
62,29,15,30,0,0
63,29,15,45,1,0
64,29,16,0,1,0
65,29,16,15,1,0
66,29,16,30,1,0
67,29,16,45,1,0
68,29,17,0,1,0
69,29,17,15,1,0
70,29,17,30,1,0
71,29,17,45,1,0
72,29,18,0,1,0
73,29,18,15,1,0
74,29,18,30,1,0
75,29,18,45,1,0
76,29,19,0,0,1,0
77,29,19,15,1,0
78,29,19,30,0,1,0
79,29,19,45,1,0
80,29,20,0,1,0
81,29,20,15,1,0
82,29,20,30,1,0
83,29,20,45,1,0
84,29,21,0,0,1,0
85,29,21,15,0,0
86,29,21,30,0,0
87,29,21,45,0,0
88,29,22,0,0,0
89,29,22,15,0,0
90,29,22,30,0,0
91,29,22,45,0,0
92,29,23,0,0,0
93,29,23,15,0,0
94,29,23,30,0,0
95,29,23,45,0,0
0,30,0,0,0,0
1,30,0,15,0,0
2,30,0,30,0,0
3,30,0,45,0,0
4,30,1,0,0,0
5,30,1,15,0,0
6,30,1,30,0,1,1
7,30,1,45,0,0
8,30,2,0,0,0
9,30,2,15,1,0,1
10,30,2,30,0,0
11,30,2,45,0,0
12,30,3,0,0,0
13,30,3,15,0,0
14,30,3,30,0,1,1
15,30,3,45,0,0
16,30,4,0,0,0
17,30,4,15,0,0
18,30,4,30,0,0
19,30,4,45,0,0
20,30,5,0,0,0
21,30,5,15,0,0
22,30,5,30,0,1
23,30,5,45,0,1
24,30,6,0,0,1
25,30,6,15,0,1
26,30,6,30,0,1
27,30,6,45,0,0
28,30,7,0,1,1,1
29,30,7,15,0,0
30,30,7,30,0,0
31,30,7,45,0,0
32,30,8,0,0,0
33,30,8,15,0,0
34,30,8,30,0,0
35,30,8,45,0,0
36,30,9,0,0,0
37,30,9,15,0,0
38,30,9,30,0,0
39,30,9,45,0,0
40,30,10,0,0,0
41,30,10,15,0,0
42,30,10,30,0,0
43,30,10,45,0,0
44,30,11,0,1,1,1
45,30,11,15,1,0,1
46,30,11,30,0,0
47,30,11,45,0,0
48,30,12,0,0,0
49,30,12,15,0,0
50,30,12,30,0,0
51,30,12,45,0,0
52,30,13,0,0,0
53,30,13,15,0,0
54,30,13,30,0,0
55,30,13,45,0,0
56,30,14,0,0,0,1
57,30,14,15,0,0
58,30,14,30,0,0
59,30,14,45,1,1,1
60,30,15,0,0,0
61,30,15,15,0,0
62,30,15,30,0,0
63,30,15,45,0,0,1
64,30,16,0,1,0
65,30,16,15,1,0
66,30,16,30,1,0
67,30,16,45,1,0
68,30,17,0,1,0
69,30,17,15,1,0
70,30,17,30,1,0
71,30,17,45,1,0
72,30,18,0,1,0
73,30,18,15,1,0
74,30,18,30,1,0
75,30,18,45,1,0
76,30,19,0,1,0
77,30,19,15,1,0
78,30,19,30,1,0
79,30,19,45,1,0
80,30,20,0,1,0
81,30,20,15,1,0
82,30,20,30,1,0
83,30,20,45,1,0
84,30,21,0,1,0
85,30,21,15,0,0
86,30,21,30,0,0
87,30,21,45,0,0
88,30,22,0,0,0
89,30,22,15,1,1,1
90,30,22,30,0,0
91,30,22,45,0,0
92,30,23,0,0,0
93,30,23,15,0,0
94,30,23,30,0,0
95,30,23,45,0,0
0,31,0,0,0,0
1,31,0,15,0,0
2,31,0,30,0,0
3,31,0,45,0,0
4,31,1,0,0,0
5,31,1,15,0,0
6,31,1,30,0,0
7,31,1,45,0,0
8,31,2,0,0,0
9,31,2,15,0,0
10,31,2,30,0,0
11,31,2,45,0,0
12,31,3,0,0,0
13,31,3,15,0,0
14,31,3,30,0,0
15,31,3,45,0,0
16,31,4,0,0,0
17,31,4,15,0,0
18,31,4,30,0,0
19,31,4,45,1,1,2
20,31,5,0,0,0
21,31,5,15,0,0
22,31,5,30,0,1
23,31,5,45,0,1
24,31,6,0,0,1
25,31,6,15,0,1
26,31,6,30,0,1
27,31,6,45,0,0
28,31,7,0,0,1,2
29,31,7,15,0,0
30,31,7,30,0,0
31,31,7,45,0,0
32,31,8,0,0,0
33,31,8,15,0,0
34,31,8,30,0,0
35,31,8,45,0,0
36,31,9,0,0,0
37,31,9,15,0,0
38,31,9,30,0,0
39,31,9,45,0,0
40,31,10,0,0,0
41,31,10,15,1,1,2
42,31,10,30,0,0
43,31,10,45,0,0
44,31,11,0,0,0
45,31,11,15,0,0
46,31,11,30,1,1,2
47,31,11,45,0,0
48,31,12,0,0,0
49,31,12,15,0,0
50,31,12,30,0,0
51,31,12,45,0,0
52,31,13,0,0,0
53,31,13,15,0,0
54,31,13,30,0,0
55,31,13,45,0,0
56,31,14,0,0,0
57,31,14,15,0,0
58,31,14,30,0,0
59,31,14,45,0,0
60,31,15,0,0,0
61,31,15,15,0,0
62,31,15,30,0,0
63,31,15,45,1,0
64,31,16,0,1,0
65,31,16,15,1,0
66,31,16,30,1,0
67,31,16,45,1,1,2
68,31,17,0,1,0
69,31,17,15,1,0
70,31,17,30,1,0
71,31,17,45,1,0
72,31,18,0,1,0
73,31,18,15,1,0
74,31,18,30,1,0
75,31,18,45,1,0
76,31,19,0,1,0
77,31,19,15,1,0
78,31,19,30,1,0
79,31,19,45,1,0
80,31,20,0,1,0
81,31,20,15,1,0
82,31,20,30,1,0
83,31,20,45,1,1,2
84,31,21,0,1,0
85,31,21,15,0,0
86,31,21,30,0,1,2
87,31,21,45,0,0
88,31,22,0,0,0
89,31,22,15,1,0,2
90,31,22,30,0,0
91,31,22,45,0,0
92,31,23,0,0,0
93,31,23,15,0,0
94,31,23,30,0,0
95,31,23,45,0,0
0,32,0,0,0,0
1,32,0,15,0,0
2,32,0,30,0,0,3
3,32,0,45,0,0
4,32,1,0,0,0,3
5,32,1,15,0,0
6,32,1,30,0,0
7,32,1,45,0,0
8,32,2,0,0,0
9,32,2,15,0,0
10,32,2,30,0,0
11,32,2,45,0,0
12,32,3,0,0,1,3
13,32,3,15,1,1,3
14,32,3,30,0,0
15,32,3,45,0,0
16,32,4,0,0,0
17,32,4,15,0,0
18,32,4,30,0,0
19,32,4,45,0,0
20,32,5,0,0,0
21,32,5,15,0,0
22,32,5,30,0,1
23,32,5,45,0,1
24,32,6,0,0,1
25,32,6,15,0,1
26,32,6,30,0,1
27,32,6,45,0,1
28,32,7,0,0,1,3
29,32,7,15,0,0
30,32,7,30,0,0
31,32,7,45,0,0
32,32,8,0,0,0
33,32,8,15,0,0
34,32,8,30,0,1,3
35,32,8,45,0,0
36,32,9,0,0,0
37,32,9,15,0,0
38,32,9,30,0,0
39,32,9,45,0,0
40,32,10,0,0,0
41,32,10,15,0,1,3
42,32,10,30,0,0
43,32,10,45,0,0
44,32,11,0,0,0
45,32,11,15,0,0
46,32,11,30,0,0
47,32,11,45,0,0
48,32,12,0,0,0
49,32,12,15,0,0
50,32,12,30,0,0
51,32,12,45,0,0
52,32,13,0,0,0
53,32,13,15,0,0
54,32,13,30,0,0
55,32,13,45,0,0
56,32,14,0,0,0
57,32,14,15,0,0
58,32,14,30,0,0
59,32,14,45,0,0
60,32,15,0,0,0
61,32,15,15,0,1,3
62,32,15,30,0,0
63,32,15,45,1,0
64,32,16,0,0,0
65,32,16,15,1,0
66,32,16,30,1,0
67,32,16,45,1,0
68,32,17,0,1,0
69,32,17,15,1,0
70,32,17,30,1,0
71,32,17,45,1,0
72,32,18,0,1,0
73,32,18,15,0,0,3
74,32,18,30,1,0
75,32,18,45,1,0
76,32,19,0,1,0
77,32,19,15,1,0
78,32,19,30,1,0,3
79,32,19,45,1,0
80,32,20,0,0,0,3
81,32,20,15,0,1,3
82,32,20,30,1,0,3
83,32,20,45,0,0,3
84,32,21,0,0,0
85,32,21,15,0,0
86,32,21,30,0,0
87,32,21,45,0,0
88,32,22,0,0,0
89,32,22,15,0,0
90,32,22,30,0,0
91,32,22,45,0,0
92,32,23,0,0,0
93,32,23,15,0,0
94,32,23,30,0,0
95,32,23,45,0,0
0,33,0,0,0,0
1,33,0,15,0,0
2,33,0,30,0,0
3,33,0,45,0,0
4,33,1,0,0,0
5,33,1,15,0,0
6,33,1,30,0,0
7,33,1,45,0,0
8,33,2,0,0,0
9,33,2,15,0,0
10,33,2,30,0,0
11,33,2,45,0,1,4
12,33,3,0,0,0
13,33,3,15,0,0
14,33,3,30,0,0
15,33,3,45,0,0
16,33,4,0,0,0
17,33,4,15,0,0
18,33,4,30,0,0
19,33,4,45,0,0
20,33,5,0,0,0
21,33,5,15,0,0
22,33,5,30,0,0
23,33,5,45,0,1
24,33,6,0,0,1
25,33,6,15,0,1,4
26,33,6,30,0,1
27,33,6,45,0,1
28,33,7,0,0,1
29,33,7,15,0,0
30,33,7,30,0,0
31,33,7,45,0,0
32,33,8,0,0,0
33,33,8,15,0,0
34,33,8,30,0,0
35,33,8,45,0,0
36,33,9,0,0,0
37,33,9,15,0,0
38,33,9,30,0,0
39,33,9,45,0,0
40,33,10,0,0,0
41,33,10,15,0,0
42,33,10,30,0,0
43,33,10,45,0,0
44,33,11,0,0,0
45,33,11,15,0,0
46,33,11,30,0,0
47,33,11,45,0,0
48,33,12,0,0,0
49,33,12,15,0,0
50,33,12,30,0,0
51,33,12,45,0,0
52,33,13,0,0,0
53,33,13,15,0,0
54,33,13,30,1,1,4
55,33,13,45,0,0
56,33,14,0,0,0
57,33,14,15,0,0
58,33,14,30,0,0,4
59,33,14,45,0,0
60,33,15,0,0,0
61,33,15,15,0,0
62,33,15,30,0,0
63,33,15,45,0,0
64,33,16,0,0,0
65,33,16,15,1,0,4
66,33,16,30,1,0
67,33,16,45,1,0
68,33,17,0,0,0,4
69,33,17,15,1,0
70,33,17,30,1,0
71,33,17,45,1,0
72,33,18,0,1,0
73,33,18,15,1,0
74,33,18,30,1,0
75,33,18,45,1,0
76,33,19,0,1,0
77,33,19,15,1,0
78,33,19,30,1,0
79,33,19,45,1,0
80,33,20,0,0,1,4
81,33,20,15,1,0
82,33,20,30,1,0
83,33,20,45,1,0
84,33,21,0,0,0
85,33,21,15,0,0
86,33,21,30,0,0
87,33,21,45,0,0
88,33,22,0,0,0
89,33,22,15,0,1,4
90,33,22,30,0,0
91,33,22,45,0,0
92,33,23,0,0,0
93,33,23,15,0,0
94,33,23,30,0,0
95,33,23,45,0,0
0,34,0,0,0,0
1,34,0,15,0,0
2,34,0,30,0,0
3,34,0,45,0,0
4,34,1,0,0,0
5,34,1,15,0,0
6,34,1,30,0,0
7,34,1,45,0,0
8,34,2,0,0,0
9,34,2,15,0,0
10,34,2,30,0,0
11,34,2,45,0,0
12,34,3,0,0,0
13,34,3,15,0,0
14,34,3,30,0,0
15,34,3,45,0,0
16,34,4,0,0,0
17,34,4,15,0,0
18,34,4,30,0,0
19,34,4,45,0,0
20,34,5,0,0,0
21,34,5,15,0,0
22,34,5,30,0,0
23,34,5,45,1,0,5
24,34,6,0,0,1
25,34,6,15,0,1
26,34,6,30,0,1
27,34,6,45,0,1
28,34,7,0,0,0
29,34,7,15,0,0
30,34,7,30,0,0
31,34,7,45,0,0
32,34,8,0,0,0
33,34,8,15,0,0
34,34,8,30,0,0
35,34,8,45,0,0
36,34,9,0,0,0
37,34,9,15,0,0
38,34,9,30,0,0
39,34,9,45,0,0
40,34,10,0,0,0
41,34,10,15,0,0
42,34,10,30,0,0
43,34,10,45,0,0
44,34,11,0,0,0
45,34,11,15,0,0
46,34,11,30,0,0
47,34,11,45,0,0
48,34,12,0,0,0
49,34,12,15,0,0
50,34,12,30,0,0
51,34,12,45,0,0
52,34,13,0,0,0
53,34,13,15,0,0
54,34,13,30,0,0
55,34,13,45,1,1,5
56,34,14,0,0,0
57,34,14,15,0,0
58,34,14,30,0,0
59,34,14,45,0,0
60,34,15,0,0,0
61,34,15,15,0,0
62,34,15,30,0,0
63,34,15,45,1,0
64,34,16,0,1,0
65,34,16,15,1,0
66,34,16,30,1,0
67,34,16,45,1,0
68,34,17,0,1,0
69,34,17,15,1,0
70,34,17,30,1,0
71,34,17,45,1,0,5
72,34,18,0,1,0
73,34,18,15,1,0
74,34,18,30,1,0
75,34,18,45,1,0
76,34,19,0,1,0
77,34,19,15,1,0
78,34,19,30,1,0
79,34,19,45,1,0
80,34,20,0,1,0
81,34,20,15,1,0
82,34,20,30,1,0
83,34,20,45,1,0
84,34,21,0,1,0
85,34,21,15,0,0
86,34,21,30,0,0
87,34,21,45,0,0
88,34,22,0,0,0
89,34,22,15,0,0
90,34,22,30,0,0
91,34,22,45,0,0
92,34,23,0,0,0
93,34,23,15,0,0
94,34,23,30,0,0
95,34,23,45,0,0
0,35,0,0,0,0
1,35,0,15,0,0
2,35,0,30,0,0
3,35,0,45,0,0
4,35,1,0,0,0
5,35,1,15,0,0
6,35,1,30,0,0
7,35,1,45,0,0
8,35,2,0,0,0
9,35,2,15,0,0
10,35,2,30,0,0
11,35,2,45,0,0
12,35,3,0,0,0
13,35,3,15,0,0
14,35,3,30,0,0
15,35,3,45,0,0
16,35,4,0,0,0
17,35,4,15,1,1,6
18,35,4,30,1,1,6
19,35,4,45,0,0
20,35,5,0,0,0
21,35,5,15,0,0
22,35,5,30,0,0
23,35,5,45,0,1,6
24,35,6,0,0,1
25,35,6,15,0,1
26,35,6,30,0,1
27,35,6,45,0,1
28,35,7,0,0,1
29,35,7,15,0,0
30,35,7,30,0,0
31,35,7,45,0,0
32,35,8,0,0,1,6
33,35,8,15,0,0
34,35,8,30,0,0
35,35,8,45,0,0
36,35,9,0,0,0
37,35,9,15,0,0
38,35,9,30,0,0
39,35,9,45,0,0
40,35,10,0,0,0
41,35,10,15,0,0
42,35,10,30,0,0
43,35,10,45,0,0
44,35,11,0,0,0
45,35,11,15,0,0
46,35,11,30,0,0
47,35,11,45,0,0
48,35,12,0,0,0
49,35,12,15,0,0
50,35,12,30,0,0
51,35,12,45,0,0
52,35,13,0,0,0
53,35,13,15,1,1,6
54,35,13,30,0,0
55,35,13,45,0,0
56,35,14,0,0,0
57,35,14,15,0,0
58,35,14,30,0,0
59,35,14,45,0,0
60,35,15,0,0,0
61,35,15,15,0,0
62,35,15,30,0,0
63,35,15,45,0,0
64,35,16,0,1,0
65,35,16,15,1,0
66,35,16,30,1,0
67,35,16,45,1,0
68,35,17,0,1,0
69,35,17,15,1,0
70,35,17,30,1,0
71,35,17,45,1,0
72,35,18,0,1,0
73,35,18,15,0,0,6
74,35,18,30,1,0
75,35,18,45,1,0
76,35,19,0,0,0,6
77,35,19,15,1,0
78,35,19,30,1,0
79,35,19,45,1,0
80,35,20,0,1,0
81,35,20,15,1,0
82,35,20,30,1,0
83,35,20,45,0,0
84,35,21,0,1,0
85,35,21,15,0,0
86,35,21,30,0,0
87,35,21,45,0,0
88,35,22,0,0,0
89,35,22,15,0,0
90,35,22,30,0,0
91,35,22,45,0,0
92,35,23,0,0,0
93,35,23,15,0,0
94,35,23,30,0,0
95,35,23,45,0,0
0,36,0,0,0,0
1,36,0,15,0,0
2,36,0,30,1,1,0
3,36,0,45,0,0
4,36,1,0,0,0
5,36,1,15,0,0
6,36,1,30,0,0
7,36,1,45,0,0
8,36,2,0,0,0
9,36,2,15,0,0
10,36,2,30,0,0
11,36,2,45,0,0
12,36,3,0,0,0,0
13,36,3,15,0,0
14,36,3,30,0,0
15,36,3,45,0,0
16,36,4,0,0,0
17,36,4,15,0,0
18,36,4,30,0,0
19,36,4,45,0,0
20,36,5,0,0,0
21,36,5,15,0,0
22,36,5,30,0,0
23,36,5,45,0,1
24,36,6,0,0,1
25,36,6,15,0,1
26,36,6,30,0,1,0
27,36,6,45,0,0
28,36,7,0,0,1
29,36,7,15,0,0
30,36,7,30,0,0
31,36,7,45,0,0
32,36,8,0,0,0
33,36,8,15,0,0
34,36,8,30,1,1,0
35,36,8,45,0,0
36,36,9,0,0,0
37,36,9,15,0,0
38,36,9,30,0,0
39,36,9,45,0,0
40,36,10,0,0,0
41,36,10,15,0,0
42,36,10,30,0,0
43,36,10,45,0,0
44,36,11,0,0,0
45,36,11,15,1,0,0
46,36,11,30,0,0
47,36,11,45,0,0
48,36,12,0,0,0,0
49,36,12,15,0,0
50,36,12,30,0,0
51,36,12,45,0,0
52,36,13,0,0,0
53,36,13,15,0,0
54,36,13,30,0,0
55,36,13,45,0,0
56,36,14,0,0,0
57,36,14,15,0,0,0
58,36,14,30,0,0
59,36,14,45,0,0
60,36,15,0,0,0
61,36,15,15,1,1,0
62,36,15,30,1,0
63,36,15,45,0,0
64,36,16,0,1,0
65,36,16,15,1,0
66,36,16,30,1,0
67,36,16,45,1,0
68,36,17,0,1,1,0
69,36,17,15,1,0
70,36,17,30,1,0
71,36,17,45,1,0
72,36,18,0,1,1,0
73,36,18,15,1,0
74,36,18,30,1,0
75,36,18,45,1,1,0
76,36,19,0,1,0
77,36,19,15,1,0
78,36,19,30,1,0,0
79,36,19,45,1,0
80,36,20,0,1,0
81,36,20,15,1,0
82,36,20,30,1,0
83,36,20,45,0,0
84,36,21,0,1,0
85,36,21,15,0,0
86,36,21,30,0,0
87,36,21,45,0,0
88,36,22,0,0,0
89,36,22,15,0,0
90,36,22,30,0,0
91,36,22,45,1,1,0
92,36,23,0,0,0
93,36,23,15,0,0
94,36,23,30,0,0
95,36,23,45,0,0
0,37,0,0,0,0
1,37,0,15,0,0
2,37,0,30,0,0
3,37,0,45,0,0
4,37,1,0,0,0
5,37,1,15,0,0
6,37,1,30,0,0
7,37,1,45,0,0
8,37,2,0,0,0
9,37,2,15,0,0
10,37,2,30,0,0,1
11,37,2,45,0,0
12,37,3,0,0,0
13,37,3,15,0,0
14,37,3,30,0,0
15,37,3,45,0,0
16,37,4,0,0,0
17,37,4,15,0,0
18,37,4,30,0,0
19,37,4,45,0,0
20,37,5,0,0,0
21,37,5,15,0,0
22,37,5,30,0,0
23,37,5,45,0,1
24,37,6,0,0,1
25,37,6,15,0,1
26,37,6,30,0,1
27,37,6,45,0,1
28,37,7,0,0,1
29,37,7,15,0,0
30,37,7,30,0,0
31,37,7,45,0,0
32,37,8,0,0,0
33,37,8,15,0,0
34,37,8,30,0,0
35,37,8,45,0,0
36,37,9,0,0,0
37,37,9,15,0,0
38,37,9,30,0,0
39,37,9,45,0,0
40,37,10,0,0,0
41,37,10,15,0,0
42,37,10,30,0,0
43,37,10,45,0,0
44,37,11,0,0,0
45,37,11,15,0,0
46,37,11,30,0,0
47,37,11,45,0,0
48,37,12,0,0,0
49,37,12,15,0,0
50,37,12,30,0,0
51,37,12,45,0,0
52,37,13,0,0,0
53,37,13,15,0,0
54,37,13,30,0,0
55,37,13,45,0,0
56,37,14,0,0,0
57,37,14,15,0,0
58,37,14,30,0,0
59,37,14,45,0,0
60,37,15,0,0,0
61,37,15,15,0,0
62,37,15,30,1,1,1
63,37,15,45,1,0
64,37,16,0,1,0,1
65,37,16,15,1,0
66,37,16,30,1,0
67,37,16,45,1,0
68,37,17,0,1,0
69,37,17,15,1,0
70,37,17,30,1,0
71,37,17,45,1,0
72,37,18,0,1,0,1
73,37,18,15,1,0
74,37,18,30,1,0
75,37,18,45,1,0
76,37,19,0,1,0
77,37,19,15,1,0
78,37,19,30,1,0
79,37,19,45,1,0
80,37,20,0,1,0
81,37,20,15,1,0,1
82,37,20,30,1,1,1
83,37,20,45,1,0
84,37,21,0,0,0
85,37,21,15,0,0
86,37,21,30,0,1,1
87,37,21,45,0,0
88,37,22,0,0,0
89,37,22,15,0,0
90,37,22,30,0,0
91,37,22,45,0,0
92,37,23,0,0,0
93,37,23,15,0,0
94,37,23,30,0,0
95,37,23,45,0,0
0,38,0,0,0,0
1,38,0,15,0,0
2,38,0,30,0,0
3,38,0,45,0,0
4,38,1,0,0,0
5,38,1,15,0,0
6,38,1,30,0,0
7,38,1,45,0,0
8,38,2,0,0,0
9,38,2,15,1,0,2
10,38,2,30,0,0
11,38,2,45,0,0
12,38,3,0,0,0
13,38,3,15,0,0
14,38,3,30,0,0
15,38,3,45,0,0
16,38,4,0,0,0
17,38,4,15,0,0
18,38,4,30,0,0
19,38,4,45,0,0
20,38,5,0,0,0,2
21,38,5,15,0,1
22,38,5,30,0,1,2
23,38,5,45,0,0
24,38,6,0,0,1
25,38,6,15,0,1
26,38,6,30,0,1
27,38,6,45,0,0
28,38,7,0,0,1
29,38,7,15,0,0
30,38,7,30,0,0
31,38,7,45,0,0
32,38,8,0,0,0
33,38,8,15,0,0
34,38,8,30,0,0
35,38,8,45,1,0,2
36,38,9,0,0,0
37,38,9,15,0,0
38,38,9,30,0,0
39,38,9,45,0,0
40,38,10,0,0,0
41,38,10,15,0,0
42,38,10,30,0,0
43,38,10,45,0,0
44,38,11,0,0,0
45,38,11,15,0,0
46,38,11,30,0,0
47,38,11,45,0,0
48,38,12,0,0,0
49,38,12,15,0,0
50,38,12,30,0,0
51,38,12,45,0,0
52,38,13,0,1,1,2
53,38,13,15,0,0
54,38,13,30,0,0
55,38,13,45,0,0
56,38,14,0,0,0
57,38,14,15,0,0
58,38,14,30,0,0
59,38,14,45,0,0
60,38,15,0,0,1,2
61,38,15,15,1,0,2
62,38,15,30,0,0
63,38,15,45,1,0
64,38,16,0,1,0
65,38,16,15,0,0,2
66,38,16,30,1,0
67,38,16,45,1,0
68,38,17,0,1,0
69,38,17,15,1,0
70,38,17,30,1,0
71,38,17,45,0,0,2
72,38,18,0,1,0
73,38,18,15,1,0
74,38,18,30,1,0
75,38,18,45,1,0
76,38,19,0,1,0
77,38,19,15,1,0
78,38,19,30,1,0
79,38,19,45,1,0
80,38,20,0,1,0
81,38,20,15,1,0
82,38,20,30,1,0
83,38,20,45,0,0,2
84,38,21,0,0,0
85,38,21,15,0,0
86,38,21,30,0,0
87,38,21,45,0,0
88,38,22,0,1,1,2
89,38,22,15,0,0
90,38,22,30,0,0
91,38,22,45,0,0
92,38,23,0,0,0
93,38,23,15,0,0
94,38,23,30,0,0
95,38,23,45,0,0
0,39,0,0,0,0,3
1,39,0,15,0,0
2,39,0,30,0,0
3,39,0,45,0,0
4,39,1,0,0,0
5,39,1,15,0,0
6,39,1,30,0,0
7,39,1,45,0,0
8,39,2,0,0,0
9,39,2,15,0,0
10,39,2,30,0,0
11,39,2,45,0,0
12,39,3,0,0,0
13,39,3,15,0,0
14,39,3,30,0,0
15,39,3,45,0,0
16,39,4,0,0,0
17,39,4,15,0,0
18,39,4,30,0,0
19,39,4,45,0,0
20,39,5,0,0,0
21,39,5,15,0,0
22,39,5,30,0,1
23,39,5,45,0,1
24,39,6,0,0,1
25,39,6,15,0,1
26,39,6,30,0,1
27,39,6,45,0,1
28,39,7,0,0,0
29,39,7,15,0,0
30,39,7,30,0,0
31,39,7,45,0,0
32,39,8,0,0,0
33,39,8,15,0,0
34,39,8,30,0,0
35,39,8,45,0,0
36,39,9,0,0,0
37,39,9,15,0,0
38,39,9,30,0,0
39,39,9,45,0,0,3
40,39,10,0,0,0
41,39,10,15,0,0
42,39,10,30,0,0
43,39,10,45,0,0
44,39,11,0,0,0
45,39,11,15,0,0
46,39,11,30,0,0
47,39,11,45,0,0
48,39,12,0,0,0
49,39,12,15,0,0
50,39,12,30,0,0
51,39,12,45,0,0
52,39,13,0,0,0
53,39,13,15,0,0
54,39,13,30,0,0
55,39,13,45,0,0
56,39,14,0,1,1,3
57,39,14,15,0,0
58,39,14,30,0,0,3
59,39,14,45,0,0
60,39,15,0,0,0
61,39,15,15,0,0
62,39,15,30,0,0
63,39,15,45,0,0
64,39,16,0,1,0
65,39,16,15,1,0
66,39,16,30,1,0
67,39,16,45,1,0
68,39,17,0,1,0
69,39,17,15,1,0
70,39,17,30,1,0
71,39,17,45,1,0
72,39,18,0,1,0
73,39,18,15,1,0
74,39,18,30,1,0
75,39,18,45,1,0
76,39,19,0,1,0
77,39,19,15,1,0
78,39,19,30,1,0
79,39,19,45,0,0,3
80,39,20,0,1,0
81,39,20,15,1,1,3
82,39,20,30,1,0
83,39,20,45,1,0
84,39,21,0,0,0
85,39,21,15,0,0
86,39,21,30,0,0
87,39,21,45,0,0
88,39,22,0,0,0
89,39,22,15,0,0
90,39,22,30,0,0
91,39,22,45,0,0
92,39,23,0,0,0
93,39,23,15,0,0
94,39,23,30,0,1,3
95,39,23,45,0,1,3
0,40,0,0,1,1,4
1,40,0,15,1,1,4
2,40,0,30,0,0
3,40,0,45,0,0
4,40,1,0,0,0
5,40,1,15,1,0,4
6,40,1,30,0,0
7,40,1,45,0,0,4
8,40,2,0,0,0
9,40,2,15,0,0
10,40,2,30,0,0
11,40,2,45,0,0
12,40,3,0,0,0
13,40,3,15,0,0
14,40,3,30,0,0
15,40,3,45,0,0
16,40,4,0,0,0
17,40,4,15,0,0
18,40,4,30,0,0
19,40,4,45,0,0
20,40,5,0,0,0
21,40,5,15,0,0
22,40,5,30,0,1
23,40,5,45,1,0,4
24,40,6,0,0,1
25,40,6,15,0,1
26,40,6,30,0,1
27,40,6,45,0,1,4
28,40,7,0,0,1,4
29,40,7,15,0,0
30,40,7,30,0,0
31,40,7,45,0,0
32,40,8,0,0,0
33,40,8,15,0,0
34,40,8,30,0,0
35,40,8,45,0,0
36,40,9,0,0,0
37,40,9,15,0,0
38,40,9,30,0,0
39,40,9,45,0,0
40,40,10,0,0,0
41,40,10,15,0,0
42,40,10,30,0,0
43,40,10,45,0,0
44,40,11,0,0,0
45,40,11,15,0,0
46,40,11,30,0,0
47,40,11,45,0,0
48,40,12,0,0,0
49,40,12,15,0,0
50,40,12,30,0,0
51,40,12,45,1,1,4
52,40,13,0,0,0
53,40,13,15,0,0
54,40,13,30,0,0
55,40,13,45,0,0
56,40,14,0,0,0
57,40,14,15,0,0
58,40,14,30,0,1,4
59,40,14,45,0,0
60,40,15,0,0,0
61,40,15,15,0,0
62,40,15,30,0,0
63,40,15,45,0,0
64,40,16,0,1,0
65,40,16,15,1,0
66,40,16,30,1,0
67,40,16,45,1,0
68,40,17,0,1,1,4
69,40,17,15,1,0
70,40,17,30,1,0
71,40,17,45,1,0
72,40,18,0,1,0
73,40,18,15,1,0,4
74,40,18,30,1,0
75,40,18,45,1,0
76,40,19,0,1,0
77,40,19,15,1,0
78,40,19,30,1,0
79,40,19,45,1,0
80,40,20,0,0,1,4
81,40,20,15,1,0
82,40,20,30,1,0
83,40,20,45,0,0
84,40,21,0,1,0
85,40,21,15,0,0
86,40,21,30,1,0
87,40,21,45,0,0
88,40,22,0,0,0
89,40,22,15,0,0
90,40,22,30,0,0
91,40,22,45,0,0
92,40,23,0,0,0
93,40,23,15,0,0
94,40,23,30,0,0
95,40,23,45,1,0,4
0,41,0,0,0,0
1,41,0,15,0,0
2,41,0,30,0,0
3,41,0,45,0,0
4,41,1,0,0,0
5,41,1,15,0,0
6,41,1,30,0,0
7,41,1,45,0,0
8,41,2,0,0,0
9,41,2,15,0,0
10,41,2,30,0,0
11,41,2,45,0,0
12,41,3,0,0,0
13,41,3,15,0,0
14,41,3,30,0,0
15,41,3,45,0,0
16,41,4,0,0,0
17,41,4,15,0,1,5
18,41,4,30,0,0
19,41,4,45,0,0
20,41,5,0,0,0
21,41,5,15,0,0
22,41,5,30,0,1
23,41,5,45,0,1
24,41,6,0,0,1
25,41,6,15,0,1
26,41,6,30,1,0,5
27,41,6,45,0,1
28,41,7,0,0,1
29,41,7,15,0,0
30,41,7,30,0,0
31,41,7,45,0,1,5
32,41,8,0,0,0
33,41,8,15,0,0
34,41,8,30,0,0
35,41,8,45,0,0
36,41,9,0,0,0
37,41,9,15,0,0
38,41,9,30,0,0
39,41,9,45,0,0
40,41,10,0,0,0
41,41,10,15,0,0
42,41,10,30,0,0
43,41,10,45,0,0
44,41,11,0,0,0
45,41,11,15,0,0
46,41,11,30,0,0
47,41,11,45,0,0
48,41,12,0,0,0,5
49,41,12,15,0,0
50,41,12,30,0,0
51,41,12,45,0,0
52,41,13,0,0,0
53,41,13,15,0,0
54,41,13,30,0,0
55,41,13,45,0,0
56,41,14,0,0,1,5
57,41,14,15,0,0
58,41,14,30,0,0
59,41,14,45,0,0
60,41,15,0,0,0
61,41,15,15,0,0
62,41,15,30,0,0
63,41,15,45,0,0
64,41,16,0,1,0
65,41,16,15,1,0
66,41,16,30,1,0
67,41,16,45,1,0
68,41,17,0,1,0
69,41,17,15,1,0
70,41,17,30,1,0
71,41,17,45,1,0
72,41,18,0,1,0
73,41,18,15,1,0
74,41,18,30,1,1,5
75,41,18,45,1,0
76,41,19,0,1,0
77,41,19,15,1,0
78,41,19,30,1,0
79,41,19,45,1,0
80,41,20,0,1,0
81,41,20,15,1,0
82,41,20,30,1,0
83,41,20,45,1,0
84,41,21,0,0,0
85,41,21,15,0,0
86,41,21,30,0,0
87,41,21,45,0,0
88,41,22,0,1,1,5
89,41,22,15,1,0,5
90,41,22,30,0,0
91,41,22,45,0,0
92,41,23,0,1,0,5
93,41,23,15,0,0
94,41,23,30,0,0
95,41,23,45,0,0
0,42,0,0,0,0
1,42,0,15,0,0
2,42,0,30,0,0
3,42,0,45,0,0
4,42,1,0,0,0
5,42,1,15,0,0
6,42,1,30,0,0
7,42,1,45,0,0
8,42,2,0,0,0
9,42,2,15,0,0
10,42,2,30,0,0
11,42,2,45,0,1,6
12,42,3,0,0,0
13,42,3,15,0,0
14,42,3,30,0,0
15,42,3,45,0,0
16,42,4,0,0,0
17,42,4,15,0,0
18,42,4,30,0,0
19,42,4,45,0,0
20,42,5,0,0,0
21,42,5,15,0,0
22,42,5,30,0,0
23,42,5,45,0,1
24,42,6,0,0,1
25,42,6,15,0,1
26,42,6,30,0,1
27,42,6,45,0,1
28,42,7,0,0,1
29,42,7,15,0,0
30,42,7,30,1,0,6
31,42,7,45,0,0
32,42,8,0,0,0
33,42,8,15,0,0
34,42,8,30,0,0
35,42,8,45,0,0
36,42,9,0,0,0
37,42,9,15,0,0
38,42,9,30,0,0
39,42,9,45,0,0
40,42,10,0,0,0
41,42,10,15,0,0
42,42,10,30,0,0
43,42,10,45,0,0
44,42,11,0,0,0
45,42,11,15,1,1,6
46,42,11,30,0,0
47,42,11,45,0,0
48,42,12,0,0,0
49,42,12,15,0,0,6
50,42,12,30,1,1,6
51,42,12,45,0,0
52,42,13,0,0,0
53,42,13,15,0,0
54,42,13,30,0,0
55,42,13,45,0,0
56,42,14,0,1,0,6
57,42,14,15,0,0
58,42,14,30,0,0
59,42,14,45,0,0
60,42,15,0,0,0
61,42,15,15,0,0
62,42,15,30,1,0
63,42,15,45,1,0
64,42,16,0,1,0
65,42,16,15,1,0
66,42,16,30,1,0
67,42,16,45,1,0
68,42,17,0,1,0
69,42,17,15,1,0
70,42,17,30,1,0
71,42,17,45,1,0
72,42,18,0,1,0
73,42,18,15,1,0
74,42,18,30,1,0
75,42,18,45,0,0,6
76,42,19,0,1,0
77,42,19,15,1,0
78,42,19,30,1,0
79,42,19,45,1,0
80,42,20,0,1,0
81,42,20,15,1,0
82,42,20,30,1,0
83,42,20,45,0,1,6
84,42,21,0,1,0
85,42,21,15,0,0,6
86,42,21,30,0,0,6
87,42,21,45,0,0
88,42,22,0,0,0
89,42,22,15,0,0
90,42,22,30,0,0
91,42,22,45,0,0
92,42,23,0,0,0
93,42,23,15,0,0
94,42,23,30,1,1,6
95,42,23,45,0,0
0,43,0,0,0,0,0
1,43,0,15,0,1,0
2,43,0,30,0,0
3,43,0,45,0,0
4,43,1,0,0,0
5,43,1,15,0,0
6,43,1,30,0,0
7,43,1,45,0,0
8,43,2,0,0,0
9,43,2,15,0,0,0
10,43,2,30,0,0
11,43,2,45,0,0
12,43,3,0,0,0
13,43,3,15,0,0
14,43,3,30,0,0
15,43,3,45,0,0
16,43,4,0,0,0
17,43,4,15,0,0
18,43,4,30,0,0
19,43,4,45,0,0
20,43,5,0,0,1,0
21,43,5,15,0,0
22,43,5,30,0,1
23,43,5,45,0,1
24,43,6,0,0,1
25,43,6,15,0,1
26,43,6,30,0,1
27,43,6,45,0,1
28,43,7,0,0,1
29,43,7,15,0,1
30,43,7,30,0,0
31,43,7,45,0,0
32,43,8,0,0,0
33,43,8,15,0,0
34,43,8,30,0,0
35,43,8,45,0,0
36,43,9,0,0,0
37,43,9,15,0,0
38,43,9,30,0,0
39,43,9,45,0,0
40,43,10,0,0,0
41,43,10,15,0,1,0
42,43,10,30,0,0
43,43,10,45,0,0
44,43,11,0,0,0
45,43,11,15,0,0
46,43,11,30,0,0
47,43,11,45,0,0
48,43,12,0,0,0
49,43,12,15,0,0
50,43,12,30,0,0
51,43,12,45,0,0
52,43,13,0,0,0
53,43,13,15,0,0
54,43,13,30,0,0
55,43,13,45,0,0
56,43,14,0,0,0
57,43,14,15,0,0
58,43,14,30,0,0
59,43,14,45,0,0
60,43,15,0,0,0
61,43,15,15,0,0
62,43,15,30,0,0
63,43,15,45,0,0,0
64,43,16,0,1,0
65,43,16,15,1,0
66,43,16,30,1,0
67,43,16,45,1,0
68,43,17,0,1,0
69,43,17,15,1,0
70,43,17,30,0,0,0
71,43,17,45,1,0
72,43,18,0,1,1,0
73,43,18,15,1,0
74,43,18,30,1,0
75,43,18,45,1,0
76,43,19,0,1,0
77,43,19,15,1,0
78,43,19,30,1,1,0
79,43,19,45,1,0
80,43,20,0,1,0
81,43,20,15,1,0
82,43,20,30,1,0
83,43,20,45,1,0
84,43,21,0,1,0
85,43,21,15,0,1,0
86,43,21,30,0,0
87,43,21,45,0,0
88,43,22,0,0,0
89,43,22,15,0,0
90,43,22,30,0,0
91,43,22,45,1,0,0
92,43,23,0,0,0
93,43,23,15,0,0
94,43,23,30,0,0
95,43,23,45,0,0
0,44,0,0,0,0
1,44,0,15,0,0
2,44,0,30,0,0
3,44,0,45,0,0
4,44,1,0,0,0
5,44,1,15,0,0
6,44,1,30,0,0
7,44,1,45,0,0
8,44,2,0,0,0
9,44,2,15,0,0
10,44,2,30,0,0
11,44,2,45,0,0
12,44,3,0,0,0,1
13,44,3,15,0,0
14,44,3,30,0,0
15,44,3,45,0,0
16,44,4,0,0,0
17,44,4,15,0,0
18,44,4,30,0,0
19,44,4,45,0,0
20,44,5,0,0,0
21,44,5,15,0,0
22,44,5,30,0,0
23,44,5,45,1,1,1
24,44,6,0,0,1
25,44,6,15,0,1
26,44,6,30,0,1
27,44,6,45,0,1
28,44,7,0,0,1
29,44,7,15,0,0
30,44,7,30,0,0
31,44,7,45,0,0
32,44,8,0,0,0
33,44,8,15,0,0
34,44,8,30,1,0,1
35,44,8,45,0,0
36,44,9,0,0,0
37,44,9,15,0,0,1
38,44,9,30,0,0
39,44,9,45,0,0
40,44,10,0,0,0
41,44,10,15,0,0
42,44,10,30,0,1,1
43,44,10,45,0,0
44,44,11,0,0,0
45,44,11,15,0,0
46,44,11,30,0,0
47,44,11,45,0,0
48,44,12,0,0,0
49,44,12,15,0,0
50,44,12,30,0,0
51,44,12,45,0,0
52,44,13,0,0,0
53,44,13,15,0,0
54,44,13,30,0,0
55,44,13,45,0,0
56,44,14,0,0,0
57,44,14,15,0,1,1
58,44,14,30,0,0
59,44,14,45,0,0
60,44,15,0,0,0
61,44,15,15,0,0
62,44,15,30,0,0
63,44,15,45,1,0
64,44,16,0,1,0
65,44,16,15,1,0
66,44,16,30,1,0
67,44,16,45,1,0
68,44,17,0,1,0
69,44,17,15,1,0
70,44,17,30,1,0,1
71,44,17,45,1,0
72,44,18,0,1,0
73,44,18,15,1,0
74,44,18,30,1,1,1
75,44,18,45,1,0
76,44,19,0,1,0
77,44,19,15,1,0
78,44,19,30,0,0,1
79,44,19,45,1,0
80,44,20,0,1,0
81,44,20,15,1,0
82,44,20,30,1,0
83,44,20,45,0,0
84,44,21,0,0,0
85,44,21,15,0,0
86,44,21,30,1,0
87,44,21,45,0,0
88,44,22,0,0,0
89,44,22,15,0,0
90,44,22,30,0,0
91,44,22,45,0,0
92,44,23,0,0,0
93,44,23,15,0,0
94,44,23,30,0,0
95,44,23,45,0,0
0,45,0,0,0,0
1,45,0,15,0,0
2,45,0,30,0,0
3,45,0,45,0,0
4,45,1,0,0,0
5,45,1,15,0,1,2
6,45,1,30,0,0
7,45,1,45,0,0
8,45,2,0,0,0
9,45,2,15,0,0
10,45,2,30,0,0
11,45,2,45,0,0,2
12,45,3,0,0,0
13,45,3,15,0,0
14,45,3,30,0,0
15,45,3,45,0,0
16,45,4,0,0,0
17,45,4,15,0,0
18,45,4,30,1,0,2
19,45,4,45,0,0
20,45,5,0,0,0
21,45,5,15,0,0
22,45,5,30,1,1,2
23,45,5,45,0,1,2
24,45,6,0,0,1
25,45,6,15,0,1
26,45,6,30,0,1
27,45,6,45,0,1
28,45,7,0,0,1,2
29,45,7,15,0,0
30,45,7,30,0,0
31,45,7,45,0,0
32,45,8,0,0,0
33,45,8,15,0,0
34,45,8,30,1,0,2
35,45,8,45,0,0
36,45,9,0,0,0
37,45,9,15,1,0,2
38,45,9,30,0,0
39,45,9,45,0,0
40,45,10,0,0,0
41,45,10,15,0,0
42,45,10,30,0,0
43,45,10,45,0,0
44,45,11,0,0,0
45,45,11,15,0,0
46,45,11,30,0,0
47,45,11,45,0,0
48,45,12,0,0,0
49,45,12,15,0,0
50,45,12,30,0,0
51,45,12,45,0,0,2
52,45,13,0,0,0
53,45,13,15,0,0
54,45,13,30,0,0
55,45,13,45,0,0
56,45,14,0,0,0
57,45,14,15,0,0
58,45,14,30,0,0
59,45,14,45,0,0
60,45,15,0,0,0
61,45,15,15,0,0
62,45,15,30,0,0
63,45,15,45,0,0
64,45,16,0,1,0
65,45,16,15,1,0
66,45,16,30,1,0,2
67,45,16,45,1,0
68,45,17,0,1,0
69,45,17,15,1,0
70,45,17,30,1,0
71,45,17,45,1,0,2
72,45,18,0,1,0
73,45,18,15,1,0
74,45,18,30,1,0
75,45,18,45,1,0
76,45,19,0,1,0,2
77,45,19,15,1,0
78,45,19,30,1,0,2
79,45,19,45,1,0
80,45,20,0,1,0
81,45,20,15,1,0
82,45,20,30,1,0
83,45,20,45,1,0
84,45,21,0,1,0
85,45,21,15,0,0
86,45,21,30,0,0
87,45,21,45,0,0
88,45,22,0,0,0
89,45,22,15,0,0
90,45,22,30,0,0
91,45,22,45,0,0
92,45,23,0,0,0
93,45,23,15,0,0
94,45,23,30,0,0
95,45,23,45,0,0
0,46,0,0,0,0
1,46,0,15,0,0
2,46,0,30,0,1,3
3,46,0,45,0,0
4,46,1,0,0,0
5,46,1,15,0,0
6,46,1,30,0,0
7,46,1,45,0,0
8,46,2,0,0,0
9,46,2,15,0,0
10,46,2,30,0,1,3
11,46,2,45,1,0,3
12,46,3,0,0,0
13,46,3,15,0,0
14,46,3,30,0,0
15,46,3,45,0,0
16,46,4,0,0,0
17,46,4,15,0,0
18,46,4,30,0,0
19,46,4,45,0,0
20,46,5,0,0,0
21,46,5,15,0,0
22,46,5,30,0,0
23,46,5,45,0,1
24,46,6,0,0,1
25,46,6,15,0,0,3
26,46,6,30,0,1
27,46,6,45,0,1
28,46,7,0,0,0
29,46,7,15,0,1
30,46,7,30,0,0,3
31,46,7,45,0,0
32,46,8,0,0,0
33,46,8,15,1,0,3
34,46,8,30,0,0
35,46,8,45,0,0
36,46,9,0,0,0
37,46,9,15,0,0
38,46,9,30,0,0
39,46,9,45,0,0
40,46,10,0,0,0
41,46,10,15,0,0
42,46,10,30,0,0
43,46,10,45,0,0
44,46,11,0,0,0
45,46,11,15,0,0
46,46,11,30,0,0
47,46,11,45,0,0
48,46,12,0,0,0
49,46,12,15,0,0
50,46,12,30,0,0
51,46,12,45,0,0
52,46,13,0,0,0
53,46,13,15,0,0
54,46,13,30,0,0
55,46,13,45,0,0
56,46,14,0,0,0
57,46,14,15,0,0,3
58,46,14,30,0,0
59,46,14,45,0,0
60,46,15,0,0,0
61,46,15,15,0,0,3
62,46,15,30,0,1,3
63,46,15,45,0,0
64,46,16,0,1,0
65,46,16,15,1,0
66,46,16,30,1,0
67,46,16,45,1,0
68,46,17,0,1,0
69,46,17,15,1,0
70,46,17,30,1,0
71,46,17,45,1,0
72,46,18,0,1,0
73,46,18,15,1,0
74,46,18,30,1,0,3
75,46,18,45,1,0
76,46,19,0,1,0
77,46,19,15,1,0
78,46,19,30,1,0
79,46,19,45,1,0
80,46,20,0,1,0
81,46,20,15,1,0,3
82,46,20,30,1,0
83,46,20,45,0,0
84,46,21,0,1,0
85,46,21,15,0,0
86,46,21,30,0,0,3
87,46,21,45,0,0
88,46,22,0,0,0
89,46,22,15,0,0
90,46,22,30,0,1,3
91,46,22,45,0,0
92,46,23,0,0,0
93,46,23,15,0,0
94,46,23,30,0,0
95,46,23,45,0,0
0,47,0,0,0,0
1,47,0,15,0,0
2,47,0,30,0,1,4
3,47,0,45,0,0
4,47,1,0,0,0
5,47,1,15,0,0
6,47,1,30,0,0
7,47,1,45,0,1,4
8,47,2,0,0,0
9,47,2,15,0,1,4
10,47,2,30,0,0
11,47,2,45,0,0
12,47,3,0,0,0
13,47,3,15,0,0
14,47,3,30,0,0
15,47,3,45,0,0
16,47,4,0,0,0
17,47,4,15,0,0
18,47,4,30,0,0
19,47,4,45,0,0
20,47,5,0,0,0
21,47,5,15,0,1
22,47,5,30,0,1,4
23,47,5,45,0,0,4
24,47,6,0,0,1
25,47,6,15,0,1
26,47,6,30,0,1
27,47,6,45,0,1
28,47,7,0,0,0
29,47,7,15,0,0
30,47,7,30,0,0
31,47,7,45,0,0
32,47,8,0,0,0
33,47,8,15,0,0
34,47,8,30,0,0
35,47,8,45,0,0
36,47,9,0,0,0
37,47,9,15,0,0
38,47,9,30,0,0
39,47,9,45,0,0
40,47,10,0,0,1,4
41,47,10,15,0,0
42,47,10,30,0,0
43,47,10,45,0,0
44,47,11,0,0,0
45,47,11,15,0,0
46,47,11,30,0,0
47,47,11,45,0,0
48,47,12,0,0,0
49,47,12,15,0,0
50,47,12,30,0,0
51,47,12,45,0,0
52,47,13,0,0,0
53,47,13,15,0,0
54,47,13,30,0,0
55,47,13,45,1,1,4
56,47,14,0,0,0
57,47,14,15,0,0
58,47,14,30,0,0
59,47,14,45,0,0
60,47,15,0,0,0,4
61,47,15,15,0,0,4
62,47,15,30,0,0
63,47,15,45,0,0
64,47,16,0,1,0
65,47,16,15,1,0
66,47,16,30,1,0
67,47,16,45,1,0
68,47,17,0,1,0
69,47,17,15,1,0
70,47,17,30,1,0
71,47,17,45,1,0
72,47,18,0,1,0
73,47,18,15,1,0
74,47,18,30,1,0
75,47,18,45,1,0
76,47,19,0,1,1,4
77,47,19,15,1,0
78,47,19,30,1,0
79,47,19,45,1,0
80,47,20,0,1,0
81,47,20,15,1,0
82,47,20,30,1,0
83,47,20,45,1,0
84,47,21,0,1,0
85,47,21,15,0,0
86,47,21,30,0,0
87,47,21,45,0,0
88,47,22,0,0,0
89,47,22,15,0,0
90,47,22,30,0,0
91,47,22,45,0,0
92,47,23,0,0,0
93,47,23,15,0,0
94,47,23,30,0,1,4
95,47,23,45,0,0
0,48,0,0,0,0
1,48,0,15,0,0
2,48,0,30,0,0
3,48,0,45,0,0
4,48,1,0,0,0
5,48,1,15,0,0
6,48,1,30,0,0
7,48,1,45,0,0
8,48,2,0,0,0
9,48,2,15,0,0
10,48,2,30,0,0
11,48,2,45,0,0
12,48,3,0,0,0
13,48,3,15,0,0
14,48,3,30,0,1,5
15,48,3,45,0,0
16,48,4,0,0,0
17,48,4,15,0,0
18,48,4,30,0,0
19,48,4,45,0,0
20,48,5,0,0,0
21,48,5,15,0,0
22,48,5,30,0,0
23,48,5,45,0,1
24,48,6,0,0,1
25,48,6,15,0,1
26,48,6,30,0,1
27,48,6,45,0,1
28,48,7,0,0,0
29,48,7,15,0,0
30,48,7,30,1,1,5
31,48,7,45,0,0
32,48,8,0,0,0
33,48,8,15,0,0
34,48,8,30,0,0
35,48,8,45,0,0
36,48,9,0,0,0
37,48,9,15,0,0
38,48,9,30,0,0
39,48,9,45,0,0
40,48,10,0,0,0
41,48,10,15,0,0
42,48,10,30,0,0
43,48,10,45,0,0,5
44,48,11,0,0,0
45,48,11,15,0,0
46,48,11,30,0,0
47,48,11,45,0,1,5
48,48,12,0,0,0
49,48,12,15,0,0
50,48,12,30,0,0
51,48,12,45,0,1,5
52,48,13,0,0,0
53,48,13,15,0,0
54,48,13,30,0,0
55,48,13,45,0,0
56,48,14,0,0,0
57,48,14,15,0,0
58,48,14,30,0,0
59,48,14,45,0,0
60,48,15,0,0,0
61,48,15,15,0,0
62,48,15,30,0,0
63,48,15,45,1,0
64,48,16,0,0,0
65,48,16,15,1,0
66,48,16,30,1,0
67,48,16,45,1,0
68,48,17,0,1,0
69,48,17,15,1,0
70,48,17,30,1,0
71,48,17,45,1,0
72,48,18,0,1,0
73,48,18,15,1,0
74,48,18,30,1,0
75,48,18,45,1,0
76,48,19,0,1,0
77,48,19,15,1,0
78,48,19,30,1,0
79,48,19,45,1,0
80,48,20,0,1,0
81,48,20,15,1,0
82,48,20,30,1,0
83,48,20,45,1,0
84,48,21,0,1,0
85,48,21,15,0,0
86,48,21,30,0,0
87,48,21,45,0,0
88,48,22,0,0,0
89,48,22,15,0,0
90,48,22,30,0,0
91,48,22,45,0,0
92,48,23,0,0,0
93,48,23,15,0,0
94,48,23,30,0,0
95,48,23,45,0,0
0,49,0,0,0,0
1,49,0,15,0,0
2,49,0,30,0,0
3,49,0,45,0,0
4,49,1,0,0,0
5,49,1,15,1,1,6
6,49,1,30,0,0
7,49,1,45,0,0
8,49,2,0,0,0
9,49,2,15,0,0
10,49,2,30,0,0
11,49,2,45,0,0
12,49,3,0,0,0
13,49,3,15,0,0
14,49,3,30,0,0
15,49,3,45,0,0
16,49,4,0,0,0
17,49,4,15,0,0
18,49,4,30,0,0
19,49,4,45,0,0
20,49,5,0,0,0
21,49,5,15,0,0
22,49,5,30,0,0
23,49,5,45,0,1
24,49,6,0,0,1
25,49,6,15,0,1
26,49,6,30,0,1
27,49,6,45,0,0,6
28,49,7,0,0,0
29,49,7,15,0,0
30,49,7,30,0,0
31,49,7,45,0,0,6
32,49,8,0,0,0
33,49,8,15,0,0
34,49,8,30,0,0
35,49,8,45,0,0
36,49,9,0,0,0
37,49,9,15,0,0
38,49,9,30,0,1,6
39,49,9,45,0,0
40,49,10,0,0,0
41,49,10,15,0,0
42,49,10,30,0,0
43,49,10,45,0,0
44,49,11,0,0,0
45,49,11,15,0,0
46,49,11,30,0,0
47,49,11,45,0,0
48,49,12,0,0,0
49,49,12,15,0,0
50,49,12,30,0,1,6
51,49,12,45,0,0
52,49,13,0,0,0
53,49,13,15,0,0
54,49,13,30,0,0
55,49,13,45,0,0
56,49,14,0,1,0,6
57,49,14,15,0,0
58,49,14,30,0,0
59,49,14,45,0,0
60,49,15,0,0,0
61,49,15,15,0,0
62,49,15,30,0,0
63,49,15,45,1,0
64,49,16,0,1,0
65,49,16,15,1,0
66,49,16,30,1,1,6
67,49,16,45,1,0,6
68,49,17,0,1,0
69,49,17,15,1,0
70,49,17,30,1,0
71,49,17,45,1,0
72,49,18,0,1,0
73,49,18,15,1,0
74,49,18,30,1,0
75,49,18,45,0,0,6
76,49,19,0,1,0
77,49,19,15,1,1,6
78,49,19,30,1,0
79,49,19,45,1,0
80,49,20,0,1,0
81,49,20,15,1,0
82,49,20,30,1,0
83,49,20,45,0,0
84,49,21,0,0,0
85,49,21,15,0,0
86,49,21,30,0,0,6
87,49,21,45,0,0
88,49,22,0,0,0
89,49,22,15,0,0
90,49,22,30,0,0
91,49,22,45,0,0
92,49,23,0,0,1,6
93,49,23,15,0,0
94,49,23,30,0,0
95,49,23,45,0,0
0,50,0,0,0,0
1,50,0,15,0,0
2,50,0,30,0,0
3,50,0,45,0,0
4,50,1,0,0,0
5,50,1,15,0,0
6,50,1,30,0,0
7,50,1,45,0,0
8,50,2,0,0,1,0
9,50,2,15,0,0
10,50,2,30,0,0
11,50,2,45,0,0
12,50,3,0,0,0
13,50,3,15,0,0
14,50,3,30,0,0
15,50,3,45,0,0
16,50,4,0,0,0
17,50,4,15,0,0
18,50,4,30,0,0
19,50,4,45,0,0
20,50,5,0,1,0,0
21,50,5,15,0,0
22,50,5,30,0,1
23,50,5,45,0,1
24,50,6,0,0,1
25,50,6,15,0,1
26,50,6,30,0,1
27,50,6,45,0,1
28,50,7,0,0,1
29,50,7,15,0,1
30,50,7,30,0,0
31,50,7,45,0,0
32,50,8,0,0,0
33,50,8,15,0,0
34,50,8,30,0,1,0
35,50,8,45,0,0
36,50,9,0,0,0
37,50,9,15,0,0
38,50,9,30,0,0
39,50,9,45,0,0
40,50,10,0,0,0
41,50,10,15,0,0,0
42,50,10,30,0,0
43,50,10,45,1,1,0
44,50,11,0,0,0,0
45,50,11,15,0,0
46,50,11,30,0,0
47,50,11,45,0,0
48,50,12,0,0,0
49,50,12,15,0,0
50,50,12,30,0,0
51,50,12,45,0,0
52,50,13,0,0,0
53,50,13,15,0,1,0
54,50,13,30,0,0
55,50,13,45,0,0
56,50,14,0,0,0
57,50,14,15,0,0
58,50,14,30,0,0
59,50,14,45,1,1,0
60,50,15,0,0,0
61,50,15,15,0,0
62,50,15,30,0,0
63,50,15,45,0,1,0
64,50,16,0,1,0
65,50,16,15,1,0
66,50,16,30,1,0
67,50,16,45,1,0
68,50,17,0,1,0
69,50,17,15,1,0
70,50,17,30,1,0
71,50,17,45,0,1,0
72,50,18,0,1,0
73,50,18,15,0,0,0
74,50,18,30,1,0
75,50,18,45,1,0
76,50,19,0,1,0
77,50,19,15,1,0
78,50,19,30,1,0
79,50,19,45,1,0
80,50,20,0,1,0
81,50,20,15,1,0
82,50,20,30,1,0
83,50,20,45,1,0
84,50,21,0,0,0,0
85,50,21,15,1,0
86,50,21,30,0,0
87,50,21,45,0,0
88,50,22,0,0,0
89,50,22,15,1,1,0
90,50,22,30,0,0
91,50,22,45,0,0
92,50,23,0,0,0
93,50,23,15,0,0
94,50,23,30,0,0
95,50,23,45,0,0
0,51,0,0,0,0
1,51,0,15,0,0
2,51,0,30,0,0
3,51,0,45,0,0
4,51,1,0,0,0
5,51,1,15,0,0
6,51,1,30,0,0
7,51,1,45,0,0
8,51,2,0,0,0
9,51,2,15,0,0
10,51,2,30,0,0
11,51,2,45,0,0
12,51,3,0,0,1,1
13,51,3,15,0,0
14,51,3,30,1,0,1
15,51,3,45,0,0
16,51,4,0,0,0
17,51,4,15,0,0
18,51,4,30,0,0
19,51,4,45,0,0
20,51,5,0,0,0
21,51,5,15,0,0
22,51,5,30,0,0
23,51,5,45,0,1
24,51,6,0,0,1
25,51,6,15,0,1
26,51,6,30,0,1
27,51,6,45,0,1
28,51,7,0,0,1
29,51,7,15,0,0
30,51,7,30,0,0
31,51,7,45,0,0
32,51,8,0,0,0
33,51,8,15,0,0
34,51,8,30,0,0
35,51,8,45,0,0
36,51,9,0,0,0
37,51,9,15,0,0
38,51,9,30,0,0
39,51,9,45,0,0
40,51,10,0,0,0
41,51,10,15,1,1,1
42,51,10,30,0,0
43,51,10,45,0,0
44,51,11,0,0,0
45,51,11,15,0,0
46,51,11,30,0,0
47,51,11,45,0,0
48,51,12,0,0,0
49,51,12,15,0,0
50,51,12,30,0,0
51,51,12,45,0,0
52,51,13,0,0,0
53,51,13,15,0,0
54,51,13,30,0,0
55,51,13,45,0,0
56,51,14,0,0,0
57,51,14,15,0,0
58,51,14,30,0,0
59,51,14,45,0,0
60,51,15,0,0,0
61,51,15,15,0,0
62,51,15,30,0,0
63,51,15,45,1,0
64,51,16,0,1,1,1
65,51,16,15,1,0
66,51,16,30,1,0
67,51,16,45,1,0
68,51,17,0,1,0
69,51,17,15,1,0
70,51,17,30,1,0
71,51,17,45,1,0
72,51,18,0,1,0
73,51,18,15,1,0
74,51,18,30,1,0
75,51,18,45,1,0
76,51,19,0,1,0
77,51,19,15,1,0
78,51,19,30,1,0
79,51,19,45,1,0
80,51,20,0,1,0
81,51,20,15,1,0
82,51,20,30,1,0
83,51,20,45,1,0
84,51,21,0,0,0
85,51,21,15,1,1,1
86,51,21,30,0,0
87,51,21,45,0,0
88,51,22,0,0,0
89,51,22,15,0,0
90,51,22,30,0,0
91,51,22,45,0,0
92,51,23,0,0,0
93,51,23,15,0,0
94,51,23,30,0,0
95,51,23,45,0,0
0,52,0,0,0,0
1,52,0,15,0,0
2,52,0,30,0,0
3,52,0,45,0,0
4,52,1,0,0,0
5,52,1,15,0,1,2
6,52,1,30,0,0
7,52,1,45,0,0
8,52,2,0,0,0
9,52,2,15,0,0
10,52,2,30,0,0
11,52,2,45,0,0
12,52,3,0,0,0
13,52,3,15,0,0
14,52,3,30,0,0
15,52,3,45,0,0
16,52,4,0,0,0
17,52,4,15,0,0
18,52,4,30,0,0
19,52,4,45,0,0
20,52,5,0,0,0
21,52,5,15,0,0
22,52,5,30,0,0
23,52,5,45,0,1
24,52,6,0,0,1
25,52,6,15,0,1
26,52,6,30,0,1
27,52,6,45,0,1
28,52,7,0,0,0
29,52,7,15,0,0
30,52,7,30,0,0
31,52,7,45,0,0
32,52,8,0,0,0
33,52,8,15,0,0
34,52,8,30,1,1,2
35,52,8,45,0,0
36,52,9,0,0,0
37,52,9,15,0,0
38,52,9,30,0,0
39,52,9,45,1,0,2
40,52,10,0,0,0
41,52,10,15,0,0
42,52,10,30,0,0
43,52,10,45,0,0
44,52,11,0,0,0
45,52,11,15,0,0
46,52,11,30,0,0,2
47,52,11,45,0,0
48,52,12,0,0,0
49,52,12,15,0,0
50,52,12,30,0,0
51,52,12,45,0,0
52,52,13,0,0,0
53,52,13,15,1,1,2
54,52,13,30,0,0
55,52,13,45,1,0,2
56,52,14,0,0,0
57,52,14,15,0,0
58,52,14,30,0,0
59,52,14,45,0,0
60,52,15,0,0,1,2
61,52,15,15,0,0
62,52,15,30,0,0
63,52,15,45,1,0
64,52,16,0,1,0
65,52,16,15,1,0
66,52,16,30,0,1,2
67,52,16,45,1,0
68,52,17,0,0,0,2
69,52,17,15,1,0
70,52,17,30,1,0
71,52,17,45,1,0
72,52,18,0,1,0
73,52,18,15,1,0
74,52,18,30,1,0
75,52,18,45,1,1,2
76,52,19,0,1,0
77,52,19,15,1,0
78,52,19,30,1,0
79,52,19,45,1,0
80,52,20,0,1,0
81,52,20,15,1,0
82,52,20,30,1,0
83,52,20,45,1,0
84,52,21,0,0,0
85,52,21,15,0,0
86,52,21,30,0,0
87,52,21,45,0,0
88,52,22,0,0,0
89,52,22,15,0,0
90,52,22,30,0,0
91,52,22,45,0,0
92,52,23,0,0,0
93,52,23,15,0,0
94,52,23,30,0,0
95,52,23,45,0,0
0,53,0,0,0,0
1,53,0,15,0,0
2,53,0,30,0,0
3,53,0,45,0,0
4,53,1,0,0,0
5,53,1,15,0,0
6,53,1,30,0,0
7,53,1,45,0,0
8,53,2,0,0,0
9,53,2,15,0,0
10,53,2,30,0,0
11,53,2,45,0,0
12,53,3,0,0,0
13,53,3,15,0,0
14,53,3,30,1,1,3
15,53,3,45,0,0
16,53,4,0,0,0
17,53,4,15,0,0
18,53,4,30,0,0
19,53,4,45,0,0
20,53,5,0,0,0
21,53,5,15,0,0
22,53,5,30,0,0
23,53,5,45,0,0
24,53,6,0,0,1
25,53,6,15,0,1
26,53,6,30,0,1
27,53,6,45,1,1,3
28,53,7,0,0,0
29,53,7,15,0,0
30,53,7,30,0,0
31,53,7,45,0,0
32,53,8,0,0,0,3
33,53,8,15,0,0
34,53,8,30,0,0
35,53,8,45,0,0
36,53,9,0,0,0
37,53,9,15,0,0
38,53,9,30,0,0
39,53,9,45,0,0
40,53,10,0,0,0
41,53,10,15,0,0
42,53,10,30,0,0
43,53,10,45,0,0
44,53,11,0,0,0
45,53,11,15,0,0
46,53,11,30,0,0,3
47,53,11,45,0,0
48,53,12,0,1,0,3
49,53,12,15,0,0
50,53,12,30,0,0
51,53,12,45,0,0
52,53,13,0,0,0
53,53,13,15,0,0
54,53,13,30,0,0
55,53,13,45,0,0
56,53,14,0,0,0
57,53,14,15,0,0
58,53,14,30,0,0
59,53,14,45,0,0
60,53,15,0,0,0
61,53,15,15,0,0
62,53,15,30,0,1,3
63,53,15,45,1,0
64,53,16,0,1,0
65,53,16,15,1,0
66,53,16,30,1,0
67,53,16,45,1,0
68,53,17,0,1,0
69,53,17,15,1,0
70,53,17,30,1,0
71,53,17,45,1,0
72,53,18,0,1,0
73,53,18,15,1,0
74,53,18,30,1,0
75,53,18,45,1,0
76,53,19,0,1,0
77,53,19,15,1,0
78,53,19,30,1,0
79,53,19,45,1,0
80,53,20,0,1,0
81,53,20,15,1,0
82,53,20,30,1,0
83,53,20,45,0,0
84,53,21,0,0,0
85,53,21,15,0,0
86,53,21,30,0,0
87,53,21,45,0,0
88,53,22,0,0,0
89,53,22,15,0,0
90,53,22,30,0,0
91,53,22,45,0,0
92,53,23,0,0,0
93,53,23,15,0,1,3
94,53,23,30,0,0
95,53,23,45,0,0
0,54,0,0,0,0
1,54,0,15,0,0
2,54,0,30,0,0
3,54,0,45,0,0
4,54,1,0,0,0
5,54,1,15,0,0,4
6,54,1,30,0,0
7,54,1,45,0,0
8,54,2,0,0,0
9,54,2,15,0,0
10,54,2,30,0,0
11,54,2,45,0,0
12,54,3,0,0,0
13,54,3,15,0,0
14,54,3,30,0,0
15,54,3,45,0,0
16,54,4,0,0,0
17,54,4,15,0,0
18,54,4,30,0,0
19,54,4,45,0,0
20,54,5,0,0,1
21,54,5,15,0,0
22,54,5,30,0,0
23,54,5,45,0,1
24,54,6,0,0,1
25,54,6,15,0,1
26,54,6,30,0,1
27,54,6,45,0,1
28,54,7,0,0,0
29,54,7,15,0,0
30,54,7,30,0,0
31,54,7,45,0,0
32,54,8,0,0,0
33,54,8,15,1,1,4
34,54,8,30,0,0
35,54,8,45,0,0
36,54,9,0,0,0
37,54,9,15,0,0
38,54,9,30,0,0
39,54,9,45,0,0
40,54,10,0,0,0
41,54,10,15,0,0
42,54,10,30,0,0
43,54,10,45,0,0
44,54,11,0,0,0
45,54,11,15,0,0
46,54,11,30,0,0
47,54,11,45,0,0
48,54,12,0,0,0
49,54,12,15,0,0
50,54,12,30,0,0
51,54,12,45,0,0
52,54,13,0,0,0
53,54,13,15,0,0
54,54,13,30,0,0
55,54,13,45,0,1,4
56,54,14,0,0,0,4
57,54,14,15,0,0,4
58,54,14,30,0,0
59,54,14,45,0,0
60,54,15,0,0,0
61,54,15,15,0,0
62,54,15,30,0,0
63,54,15,45,1,0
64,54,16,0,1,0
65,54,16,15,1,0
66,54,16,30,1,0
67,54,16,45,1,0
68,54,17,0,0,1,4
69,54,17,15,1,0
70,54,17,30,1,0
71,54,17,45,1,0
72,54,18,0,1,0
73,54,18,15,1,0
74,54,18,30,1,0
75,54,18,45,1,0
76,54,19,0,1,0
77,54,19,15,1,0
78,54,19,30,1,0
79,54,19,45,1,0
80,54,20,0,1,0,4
81,54,20,15,1,0
82,54,20,30,1,0
83,54,20,45,1,0
84,54,21,0,1,0
85,54,21,15,0,0
86,54,21,30,0,0
87,54,21,45,0,0
88,54,22,0,0,0
89,54,22,15,0,0
90,54,22,30,0,0,4
91,54,22,45,0,0
92,54,23,0,0,0
93,54,23,15,0,0
94,54,23,30,0,0
95,54,23,45,0,0
0,55,0,0,0,0
1,55,0,15,0,0
2,55,0,30,0,0
3,55,0,45,0,0
4,55,1,0,0,0
5,55,1,15,0,0
6,55,1,30,0,0
7,55,1,45,0,0
8,55,2,0,0,0
9,55,2,15,0,0
10,55,2,30,0,0
11,55,2,45,0,0
12,55,3,0,0,0
13,55,3,15,0,1,5
14,55,3,30,0,0
15,55,3,45,0,0
16,55,4,0,0,0
17,55,4,15,0,0
18,55,4,30,0,0
19,55,4,45,0,0,5
20,55,5,0,0,1,5
21,55,5,15,1,0,5
22,55,5,30,0,1
23,55,5,45,0,1
24,55,6,0,1,0,5
25,55,6,15,0,1
26,55,6,30,0,1
27,55,6,45,0,1
28,55,7,0,0,0
29,55,7,15,0,0
30,55,7,30,0,0
31,55,7,45,0,0
32,55,8,0,0,0
33,55,8,15,0,0
34,55,8,30,0,0
35,55,8,45,0,0
36,55,9,0,0,0
37,55,9,15,0,0
38,55,9,30,0,0
39,55,9,45,0,0
40,55,10,0,0,0
41,55,10,15,0,0
42,55,10,30,1,0,5
43,55,10,45,0,0
44,55,11,0,0,0
45,55,11,15,0,0
46,55,11,30,0,0
47,55,11,45,0,0
48,55,12,0,0,0
49,55,12,15,0,0
50,55,12,30,0,0
51,55,12,45,0,0
52,55,13,0,0,0
53,55,13,15,0,0
54,55,13,30,0,0
55,55,13,45,0,0
56,55,14,0,1,0,5
57,55,14,15,0,0
58,55,14,30,0,0
59,55,14,45,0,0
60,55,15,0,0,0
61,55,15,15,0,0
62,55,15,30,0,0
63,55,15,45,1,0
64,55,16,0,1,0
65,55,16,15,1,0
66,55,16,30,1,0
67,55,16,45,1,0
68,55,17,0,1,0
69,55,17,15,1,0
70,55,17,30,1,0
71,55,17,45,1,0
72,55,18,0,1,0
73,55,18,15,1,0
74,55,18,30,1,0
75,55,18,45,1,0
76,55,19,0,1,0
77,55,19,15,1,0
78,55,19,30,1,0
79,55,19,45,1,0
80,55,20,0,1,0
81,55,20,15,1,0
82,55,20,30,1,0
83,55,20,45,1,0
84,55,21,0,1,0
85,55,21,15,0,0
86,55,21,30,0,0
87,55,21,45,0,0
88,55,22,0,0,0
89,55,22,15,0,0
90,55,22,30,1,1,5
91,55,22,45,0,0
92,55,23,0,0,0
93,55,23,15,0,0
94,55,23,30,0,1,5
95,55,23,45,0,0
0,56,0,0,0,0
1,56,0,15,0,0
2,56,0,30,0,1,6
3,56,0,45,0,0
4,56,1,0,0,0
5,56,1,15,0,0
6,56,1,30,0,0
7,56,1,45,0,0
8,56,2,0,0,0
9,56,2,15,0,0
10,56,2,30,0,0
11,56,2,45,1,1,6
12,56,3,0,0,0
13,56,3,15,0,0
14,56,3,30,0,0
15,56,3,45,0,0
16,56,4,0,0,0
17,56,4,15,0,0
18,56,4,30,0,0
19,56,4,45,0,1,6
20,56,5,0,0,0
21,56,5,15,0,0
22,56,5,30,0,1
23,56,5,45,0,1
24,56,6,0,1,0,6
25,56,6,15,0,1
26,56,6,30,0,1
27,56,6,45,0,1
28,56,7,0,0,1
29,56,7,15,0,0
30,56,7,30,0,0
31,56,7,45,0,0
32,56,8,0,0,0
33,56,8,15,0,0
34,56,8,30,0,0
35,56,8,45,0,0
36,56,9,0,0,0
37,56,9,15,0,0
38,56,9,30,0,0
39,56,9,45,0,0
40,56,10,0,0,0
41,56,10,15,0,0
42,56,10,30,0,0,6
43,56,10,45,0,0
44,56,11,0,0,0
45,56,11,15,0,0
46,56,11,30,0,0
47,56,11,45,0,0
48,56,12,0,0,0
49,56,12,15,0,0
50,56,12,30,0,0
51,56,12,45,0,0
52,56,13,0,0,0
53,56,13,15,0,0
54,56,13,30,0,0
55,56,13,45,0,0
56,56,14,0,0,0
57,56,14,15,0,0
58,56,14,30,0,0
59,56,14,45,0,0
60,56,15,0,0,0
61,56,15,15,0,0
62,56,15,30,0,0
63,56,15,45,0,0
64,56,16,0,1,0
65,56,16,15,0,0,6
66,56,16,30,1,0
67,56,16,45,1,0
68,56,17,0,1,0
69,56,17,15,1,0
70,56,17,30,1,0
71,56,17,45,1,0
72,56,18,0,1,0
73,56,18,15,1,0
74,56,18,30,1,0
75,56,18,45,1,0
76,56,19,0,1,0
77,56,19,15,1,0
78,56,19,30,0,1,6
79,56,19,45,1,0
80,56,20,0,1,0
81,56,20,15,1,0
82,56,20,30,1,0
83,56,20,45,1,0
84,56,21,0,0,0
85,56,21,15,0,0,6
86,56,21,30,0,0
87,56,21,45,0,0
88,56,22,0,0,0
89,56,22,15,0,0
90,56,22,30,0,0
91,56,22,45,0,0
92,56,23,0,0,1,6
93,56,23,15,0,0
94,56,23,30,0,0
95,56,23,45,0,0
